season,batter_id,pred_mean,pred_lo95,pred_hi95
2024,2,-0.10437741210662713,-0.7453593197130596,0.5366044954998054
2024,6,0.28955190162208405,-0.57156402512843,1.150667828372598
2024,9,-0.32678918502088805,-0.5622309439543001,-0.09134742608747598
2024,11,0.14891843992857462,-0.5640578289064846,0.8618947087636337
2024,12,1.4568774994900797,1.40378712834077,1.5099678706393895
2024,19,0.41403401410843327,-0.31945612425006814,1.1475241524669346
2024,31,0.6743216151433613,-0.07022278531366899,1.4188660156003916
2024,35,1.3916252616619116,1.0425057943377245,1.7407447289860987
2024,42,0.1617193418214249,-0.4966008602551303,0.8200395438979801
2024,44,0.3711113507550073,-1.0797353946998234,1.8219580962098378
2024,45,0.019775484178913227,-0.8072407779146833,0.8467917462725096
2024,49,0.7457940579035707,-0.2296928746802107,1.721280990487352
2024,52,0.4330567383987436,-0.6663843783727554,1.5324978551702426
2024,53,1.013341421818516,-0.18983773722881758,2.2165205808658497
2024,61,0.30899177243829257,-0.3171943387885966,0.9351778836651817
2024,62,1.034774965107664,-0.059892239433101624,2.1294421696484296
2024,77,0.6832443162415338,-0.170964463269639,1.5374530957527066
2024,79,0.5064133682645231,0.10937299714109505,0.9034537393879511
2024,88,0.7891251768365881,-0.03541401558293167,1.613664369256108
2024,94,0.005664353592851751,-0.8645887556744456,0.8759174628601492
2024,101,-0.35498188110486983,-1.0674451946275696,0.3574814324178299
2024,114,0.4905877232685876,-0.4400585142042684,1.4212339607414437
2024,117,0.3108531191545625,-0.42935924890594646,1.0510654872150713
2024,121,0.6637004213528315,0.3488054168842514,0.9785954258214116
2024,131,0.9561798651412043,0.23834609603711976,1.674013634245289
2024,133,-0.4365845833866086,-1.2898609498184954,0.41669178304527815
2024,144,-0.5148816642091818,-1.2133873503201664,0.18362402190180283
2024,145,0.37495586418019555,-0.6783209138953459,1.428232642255737
2024,150,-0.2752913241379579,-1.0824631074332547,0.531880459157339
2024,153,0.30049971441933665,-0.04327686689125926,0.6442762957299326
2024,166,0.19343637473371983,-1.0997717680764936,1.4866445175439331
2024,175,0.8410223586739094,0.11145232329468324,1.5705923940531354
2024,176,1.3127881222237796,0.7222574582471155,1.9033187862004437
2024,177,0.47023012557923416,-0.49982886378496416,1.4402891149434325
2024,190,1.0368848333142506,0.1887513644453258,1.8850183021831755
2024,201,0.19091220167489906,-0.49062573590684677,0.8724501392566449
2024,206,-0.42349999267223204,-1.531588692502768,0.6845887071583039
2024,228,0.4369201925823282,-0.8376992708332218,1.7115396559978784
2024,232,0.6908305993560135,0.3604324215023913,1.0212287772096358
2024,235,1.4200092296795592,0.7056957633496234,2.134322696009495
2024,241,1.2451062549403764,0.5156310845230307,1.974581425357722
2024,260,1.2887100942883771,0.7373815259285444,1.84003866264821
2024,265,-0.0794674974766483,-0.8739545483714131,0.7150195534181165
2024,270,0.9191023680366183,0.5077388763523233,1.3304658597209134
2024,281,-0.08206541692422467,-1.5525674717220943,1.3884366378736448
2024,287,-0.5438568933165115,-1.4237599441474373,0.33604615751441425
2024,288,0.3592402037009983,-0.47923072091570773,1.1977111283177044
2024,289,0.1321870916331236,-0.9524829868123255,1.2168571700785726
2024,290,0.35189011878821974,-0.7244443394208726,1.428224576997312
2024,292,1.3049616880512391,0.2642624088427057,2.3456609672597724
2024,294,0.6021356063248651,-0.17385404923679615,1.3781252618865263
2024,296,1.9907481167988637,1.5444546991983759,2.4370415343993512
2024,310,0.41541345659884643,-0.39604151156672374,1.2268684247644166
2024,311,0.5236137281133527,-0.27511577379036867,1.322343230017074
2024,314,0.5160174106465408,-0.24251966695871485,1.2745544882517965
2024,323,0.2933059721297673,0.07692167525920474,0.5096902690003298
2024,329,0.614148781590695,0.10457564869576141,1.1237219144856285
2024,355,0.7154238379676365,0.16372961683713239,1.2671180590981406
2024,357,-0.5432943523211833,-1.4266019486977397,0.34001324405537314
2024,360,0.2536153455425,-0.6559372953311272,1.163167986416127
2024,361,0.36801682655768486,-0.4244237550245693,1.160457408139939
2024,362,1.0126280608996203,0.16791358385323474,1.857342537946006
2024,364,1.388003682474658,0.9158026607003578,1.8602047042489582
2024,367,0.7960819685811863,0.230030694158589,1.3621332430037836
2024,375,1.6416195452391036,1.0193830483504782,2.263856042127729
2024,380,-0.27839866505702965,-0.8593635868400629,0.3025662567260035
2024,381,0.44688052289414937,0.10349421621073962,0.7902668295775591
2024,383,0.9180615112141903,0.19183675275987078,1.6442862696685099
2024,387,0.3210065351044422,-0.10870872090632328,0.7507217911152078
2024,390,-0.4671524430583046,-0.8336458931465311,-0.10065899297007802
2024,401,0.4567744524950452,-0.348704683146563,1.2622535881366534
2024,403,1.1449821881055016,0.22713957257462014,2.062824803636383
2024,407,1.6119083259058802,1.01753406744904,2.2062825843627203
2024,412,-0.04218079285310544,-0.573356701070773,0.48899511536456214
2024,414,0.5752468465830465,0.1522450829031345,0.9982486102629584
2024,415,0.22694963408502167,-0.7847244401165117,1.238623708286555
2024,419,0.06923575655039704,-1.1404678961024075,1.2789394092032014
2024,420,2.2638561088932305,0.9524274079243522,3.575284809862109
2024,425,-0.0780844683535826,-0.6102564470612979,0.45408751035413264
2024,430,-0.3330912558678652,-1.2962392321600116,0.6300567204242811
2024,449,0.9161588115236127,0.07061210550357444,1.761705517543651
2024,450,0.035286742527628034,-0.7546791454843071,0.8252526305395633
2024,478,0.2226273686576434,-0.3565450769371423,0.8017998142524292
2024,479,0.18305360218349143,-0.6739848083308004,1.0400920126977833
2024,482,0.8409148802457107,0.22357898491372585,1.4582507755776954
2024,483,0.12801282418731988,-0.48714154359458794,0.7431671919692276
2024,490,0.4218464512837136,-0.058340261917613545,0.9020331644850408
2024,513,0.16352804111233984,-1.107878638680735,1.4349347209054149
2024,526,0.0298507901674283,-0.7445959506574232,0.8042975309922799
2024,537,1.2211033629970445,0.36236729902884324,2.0798394269652456
2024,542,0.2069600053443224,-0.7094636209196772,1.123383631608322
2024,543,-0.2586787380903852,-0.9797198906111573,0.46236241443038684
2024,544,0.7205887342554242,0.02683872596477943,1.414338742546069
2024,547,1.2856224114880301,0.6154287682818538,1.9558160546942065
2024,552,0.3100384715712141,-0.7724914609865756,1.3925684041290038
2024,553,-0.09069494076904482,-1.1777002706843167,0.9963103891462272
2024,556,0.6017871953044625,-0.1435759165175433,1.3471503071264683
2024,559,0.025614583048978123,-1.0891177390733389,1.1403469051712953
2024,570,1.1418193365301184,0.6545859874804859,1.629052685579751
2024,571,0.36018699732046106,-0.39829613217273524,1.1186701268136574
2024,580,-0.15301798147035228,-0.45640298219274483,0.15036701925204027
2024,583,0.43223994390301423,-0.2952631203739867,1.159743008180015
2024,593,1.4155929216562224,0.5867533098219593,2.2444325334904853
2024,615,0.3863632148767643,-0.5515425544050727,1.3242689841586013
2024,617,2.1740260601613546,1.2290445175429614,3.1190076027797478
2024,622,0.32810932473911736,-0.8801693239345347,1.5363879734127694
2024,638,0.2970766734701617,-0.8945992714134887,1.4887526183538122
2024,640,-0.06859532478523633,-0.9426064377398878,0.8054157881694152
2024,652,0.8387690999572586,-0.22049490352726786,1.898033103441785
2024,656,-0.6461146959086579,-1.1387738026550722,-0.1534555891622435
2024,658,0.39248587036653554,-0.0812532130268167,0.8662249537598878
2024,664,-0.382969927608357,-1.285212423390178,0.519272568173464
2024,671,0.027266852986816626,-0.4389680831674157,0.493501789141049
2024,673,0.1993229043844143,-0.6203671201407883,1.019012928909617
2024,685,0.6999118214154586,-0.27784973860440976,1.6776733814353268
2024,692,-0.2236702466457945,-1.5550607893302748,1.1077202960386858
2024,704,0.38513772894749276,-0.1261468151356333,0.8964222730306188
2024,718,0.7813027419902083,-0.01623466283696795,1.5788401468173845
2024,729,1.2548439702856717,0.3715980016572141,2.1380899389141295
2024,730,0.5205729272054069,0.023412664922214,1.0177331894886
2024,738,-0.1172653068570749,-1.3297767671481686,1.095246153434019
2024,748,0.4111032086394819,-0.40903704647346795,1.2312434637524317
2024,754,-0.49204524512888176,-1.1330922216053645,0.14900173134760092
2024,758,1.7760541996128982,1.3152398101267677,2.2368685890990285
2024,759,0.6189004915902215,-0.36552060193913316,1.6033215851195761
2024,769,-0.30320343201497896,-1.0153519721855349,0.408945108155577
2024,772,0.6900111737322507,-0.37018301741915316,1.7502053648836546
2024,779,1.0530650551201042,0.47385968320863636,1.632270427031572
2024,782,0.5304293596085814,-0.6708386350457858,1.7316973542629486
2024,783,0.5463317156970183,0.07423646973019443,1.0184269616638422
2024,786,1.2133613403102927,-0.08402813292623934,2.510750813546825
2024,792,-0.046424717292825185,-1.2115905670385607,1.1187411324529104
2024,808,0.6100632632157775,-0.09088506529719542,1.3110115917287506
2024,814,1.1547437463149475,0.2967990666736827,2.0126884259562123
2024,825,0.511834545846293,-0.8081566120287957,1.8318257037213816
2024,831,0.584226892637727,-0.23096358792952487,1.3994173732049788
2024,832,1.6114266311967336,0.54193667903527,2.680916583358197
2024,833,0.920391292891251,0.22689035382364697,1.6138922319588551
2024,838,0.9383464267023919,0.19733308414697692,1.6793597692578068
2024,839,0.38596943029280595,-0.4396394221987415,1.2115782827843535
2024,842,1.0086037163604544,0.6288307759677656,1.3883766567531433
2024,843,0.35156328528822145,-0.7219413789677752,1.4250679495442182
2024,851,-0.2831994106039893,-0.8506475371919202,0.2842487159839416
2024,855,0.3300069267707347,-0.2753270140586714,0.9353408676001407
2024,857,1.600072662972889,0.4660510591160818,2.734094266829696
2024,859,2.3644318662231694,1.8473144188024508,2.881549313643888
2024,870,-0.11927767841670822,-0.6775605082968216,0.43900515146340513
2024,878,0.5339034967690515,-0.23653009557067517,1.304337089108778
2024,880,2.3385750591501147,1.9387089797285548,2.7384411385716745
2024,881,0.8078880772570343,0.30155413998654956,1.314222014527519
2024,885,1.218335300562239,0.8809261261746636,1.5557444749498144
2024,888,0.34728580646666124,-0.10990923606200437,0.8044808489953268
2024,891,0.5445731684462854,0.33060557783546246,0.7585407590571085
2024,898,0.052374763269553655,-0.82045816910953,0.9252076956486374
2024,911,0.15352713445515673,-0.7682602891153111,1.0753145580256245
2024,929,1.4753986657662757,0.44974956888340745,2.5010477626491436
2024,947,1.5920995579247912,0.38774919163855825,2.796449924211024
2024,950,-0.46809510009372096,-1.1861123985360322,0.24992219834859036
2024,958,0.10300585736962878,-1.237296315607657,1.4433080303469148
2024,966,-0.00587487010248991,-0.7050528719560372,0.6933031317510574
2024,970,-0.24236700564056363,-0.9633256136666233,0.4785916023854961
2024,974,-0.48202466430954855,-0.6812122942838298,-0.2828370343352673
2024,991,-0.3322630712159367,-1.3078492492116705,0.6433231067797972
2024,1010,1.5367436187826684,0.9697525010589557,2.103734736506381
2024,1016,0.8846167007377317,-0.1989385553080092,1.9681719567834726
2024,1040,0.2112409428828203,-0.8919898974621114,1.3144717832277522
2024,1050,0.47626611677695685,-0.7383615711890492,1.690893804742963
2024,1058,0.9525971333511115,0.5484196878141729,1.35677457888805
2024,1059,0.8950073350792946,0.24664553585066018,1.543369134307929
2024,1065,-0.47943705395903724,-1.3328441883796094,0.373970080461535
2024,1068,-0.4950019589070321,-1.4881922415087037,0.49818832369463956
2024,1074,-0.0021704298073216832,-0.38352039908281305,0.3791795394681697
2024,1082,-0.1019927077182612,-0.6840758640442537,0.4800904486077313
2024,1086,-0.07811564204983698,-0.8709548752262319,0.7147235911265579
2024,1087,0.29880001436059805,-0.5240554106859285,1.1216554394071245
2024,1091,-0.015528932870636447,-0.85988853281489,0.828830667073617
2024,1093,-0.17075124567101904,-0.6424882796518372,0.30098578830979905
2024,1097,2.0028470970717454,0.8466340760775655,3.1590601180659252
2024,1109,1.2033605497188469,0.6822028232292551,1.7245182762084386
2024,1113,0.35918349888028295,-0.2369106449734028,0.9552776427339686
2024,1126,-0.2349427709379127,-0.9338565628259174,0.463971020950092
2024,1133,0.4306586732235631,-0.6529944952369133,1.5143118416840395
2024,1143,0.37849188630451913,0.029106367671650313,0.727877404937388
2024,1151,1.7170157272089757,0.8665686128927469,2.5674628415252045
2024,1153,-0.20867922408609604,-0.879369236861812,0.46201078868961987
2024,1171,-0.3678641633019659,-0.7456899176643124,0.00996159106038047
2024,1173,0.5815544640821138,-0.44843372805828774,1.6115426562225152
2024,1184,0.08054924765285831,-0.9931684650821279,1.1542669603878446
2024,1186,0.7716034310559841,-0.16595339973955692,1.7091602618515251
2024,1190,0.7020717959480681,0.17076142833323316,1.233382163562903
2024,1200,0.5540505847808057,0.1479062295689767,0.9601949399926347
2024,1204,-0.7623465810853411,-1.6401087842601414,0.11541562208945899
2024,1206,0.7081819190143207,-0.08995867290848392,1.5063225109371254
2024,1208,0.34578124515704073,-0.49801362213241357,1.189576112446495
2024,1217,-0.003718206129239371,-1.200233521158682,1.1927971089002034
2024,1239,1.3093985480862824,1.009104810292658,1.6096922858799068
2024,1244,0.692758031193849,-0.3087699582967267,1.6942860206844248
2024,1253,1.6638665189566215,1.2381321744786769,2.0896008634345664
2024,1258,0.7590247331989094,0.000540052741011321,1.5175094136568075
2024,1260,1.5625562018513286,0.7871406531215932,2.337971750581064
2024,1283,-0.10736428393624534,-0.952597177273035,0.7378686094005443
2024,1284,0.16941349856428023,-0.7919088312526138,1.1307358283811744
2024,1289,0.4966180365803693,-0.122704548252758,1.1159406214134966
2024,1293,1.120266863567293,0.14598397007923047,2.0945497570553555
2024,1298,2.3590772398077715,1.4687181652091792,3.249436314406364
2024,1308,0.6929979770949279,0.2342263892150236,1.1517695649748323
2024,1313,0.41720720526077015,0.1402372566649423,0.694177153856598
2024,1314,1.2301613998220242,0.6978452552985149,1.7624775443455336
2024,1322,1.2153758803560901,0.10254573239247344,2.328206028319707
2024,1326,0.952138646770624,0.3917727664551317,1.5125045270861164
2024,1337,1.5043171851459876,0.9400478874833155,2.0685864828086595
2024,1339,0.3346522866439971,-0.4143822890303804,1.0836868623183746
2024,1352,1.5713493723148304,1.135722115099269,2.006976629530392
2024,1354,0.7885605558228346,-0.32842760002710314,1.9055487116727723
2024,1355,0.5641542985806697,-0.12088024125294328,1.2491888384142826
2024,1362,-0.11842830826990931,-1.246892507329076,1.0100358907892573
2024,1364,0.010931198997110092,-1.104584140692456,1.1264465386866762
2024,1373,0.5918903767278525,-0.07350559621365094,1.2572863496693558
2024,1375,-0.38814723167706605,-0.9890002978410564,0.21270583448692432
2024,1377,0.20350767817378895,-0.7920374880417755,1.1990528443893533
2024,1381,0.8751241989033782,-0.2863247353521672,2.0365731331589236
2024,1384,0.6785154798306339,-0.639937142502276,1.9969681021635437
2024,1394,0.8885641331248118,0.1318961301678584,1.645232136081765
2024,1399,0.40808810260470674,-0.21109740253886278,1.0272736077482763
2024,1408,1.6179714661621842,1.101456414462894,2.1344865178614745
2024,1418,1.3199330398724052,0.5796030724375765,2.060263007307234
2024,1420,0.6526314208874676,-0.04390836317942459,1.3491712049543598
2024,1434,0.40454574168204543,-0.435786478292653,1.2448779616567438
2024,1439,0.7979861781991978,-0.306114642268532,1.9020869986669275
2024,1442,0.8181251682571793,0.39650961854173333,1.2397407179726252
2024,1447,1.2763009577525275,0.5740335003783901,1.978568415126665
2024,1460,0.375623059561759,-0.4682519967227434,1.2194981158462614
2024,1470,1.0803700107997778,0.080722489869411,2.0800175317301446
2024,1481,-0.28819286384943593,-1.6215736651683657,1.0451879374694937
2024,1485,2.0718148085669834,0.8858690751623615,3.2577605419716056
2024,1486,0.7325952280655911,-0.47852339531438537,1.9437138514455676
2024,1494,1.601900632222657,0.39628151127163846,2.8075197531736755
2024,1518,0.38523620627498445,-0.8539923133357598,1.6244647258857285
2024,1519,1.6082113532626439,0.5837313942696032,2.6326913122556848
2024,1522,0.7177458498844504,0.2060000715480258,1.2294916282208752
2024,1525,0.25317658574963664,-0.6546097217730005,1.1609628932722738
2024,1526,-0.05324634424886937,-0.24829909244202833,0.1418064039442896
2024,1531,0.15061974288411045,-0.5514983406222016,0.8527378263904224
2024,1536,0.9206955427346782,-0.19612183468863076,2.037512920157987
2024,1538,0.44240305295026927,0.39743223375781983,0.4873738721427187
2024,1556,-0.20141346482787764,-1.0336092491030238,0.6307823194472684
2024,1564,1.052497800138774,0.3131167292559881,1.7918788710215598
2024,1570,0.4216454362562965,-0.5183289883103848,1.361619860822978
2024,1592,0.46076855905398983,-0.4704954277772978,1.3920325458852774
2024,1594,2.0504641471376854,1.488988943714984,2.611939350560387
2024,1595,-0.15300108125942216,-1.4228594145719506,1.1168572520531062
2024,1598,-0.0108751146981634,-0.6247668292340693,0.6030165998377426
2024,1611,0.6021035500588401,-0.42413574621273553,1.6283428463304157
2024,1614,1.3978444090219309,0.9083564963504285,1.8873323216934332
2024,1618,0.5012990757369206,-0.2535814252408293,1.2561795767146704
2024,1619,2.4255817005068,1.5088415436705944,3.3423218573430056
2024,1621,0.08032682764273363,-0.5049615662241904,0.6656152215096578
2024,1644,1.0096770720073163,0.2731441916863666,1.746209952328266
2024,1646,-0.47473140047154055,-0.6963755322440356,-0.2530872686990455
2024,1667,-0.1700851887880842,-0.9520570738067258,0.6118866962305574
2024,1672,1.8550850202883624,1.0599137936227492,2.6502562469539757
2024,1684,-0.2366310490288394,-0.9215832438436726,0.44832114578599375
2024,1687,0.16213227405324873,-0.868424093571728,1.1926886416782254
2024,1689,-0.11718997541767145,-0.8502781645024995,0.6158982136671567
2024,1701,-0.11110086627193921,-1.156914577108469,0.9347128445645905
2024,1719,0.5649849670267816,0.39140942227912034,0.7385605117744428
2024,1723,1.341343015761665,0.9152690195109685,1.7674170120123616
2024,1728,0.6457324312144767,-0.5099476546155769,1.8014125170445303
2024,1729,-0.444498859609963,-1.2194696546482584,0.33047193542833236
2024,1745,1.9042946246983121,1.2171974219377117,2.5913918274589127
2024,1746,0.2437662865092715,-0.9440268818674937,1.4315594548860369
2024,1747,0.019108830525462306,-0.9903387160710644,1.028556377121989
2024,1754,0.13529661502574572,-0.3372061214335378,0.6077993514850292
2024,1757,-0.04307773051131418,-0.8813422563699497,0.7951867953473214
2024,1759,-0.26025510911234345,-0.9003350663969658,0.37982484817227885
2024,1764,-0.2199117737774477,-0.8836485454697292,0.4438249979148338
2024,1807,0.2808508745136396,-0.8683181990444011,1.4300199480716802
2024,1816,0.4600291729463439,-0.6556590516864171,1.575717397579105
2024,1824,0.5190630783754431,0.07201721587756554,0.9661089408733206
2024,1836,0.606178398396138,-0.48059886462401313,1.692955661416289
2024,1838,-0.532756310495696,-0.79017545493724,-0.27533716605415215
2024,1839,2.28192288698525,1.3492056729629458,3.214640101007554
2024,1840,0.728083174798059,-0.2513189507264548,1.7074853003225727
2024,1841,1.3965969673997283,0.5258294021199005,2.267364532679556
2024,1846,-0.09034980542190574,-0.5128593409019884,0.33215973005817684
2024,1847,1.5207002696586678,0.6829925606380249,2.3584079786793106
2024,1852,-0.020824953925169587,-1.1151745041690337,1.0735245963186943
2024,1858,0.46015480136328524,-0.05696733910359353,0.977276941830164
2024,1869,1.0538969776131561,-0.11470861872200389,2.222502573948316
2024,1881,0.45874533698674824,-0.34280861191083223,1.2602992858843287
2024,1898,-0.08535664622270608,-1.118701567650852,0.9479882752054399
2024,1900,1.487390325162252,0.2858727636165419,2.688907886707962
2024,1902,0.7596230022913975,-0.0632952612551495,1.5825412658379445
2024,1905,1.3120465002098651,0.02120963411792487,2.602883366301805
2024,1917,0.5720506620463923,-0.2737338726562034,1.417835196748988
2024,1918,1.2673679294084248,0.5560063658889971,1.9787294929278525
2024,1924,-0.05943953005195779,-1.0936540509453976,0.9747749908414819
2024,1935,1.477707166137569,0.4462053970924973,2.5092089351826408
2024,1939,0.2944496404034332,-0.5954166711546833,1.1843159519615496
2024,1945,0.47715722958194406,-0.22143658577750147,1.1757510449413897
2024,1947,1.7583576440320272,0.5399106513456655,2.9768046367183887
2024,1963,-0.39966062952894443,-0.8665820334624568,0.06726077440456785
2024,1965,0.23865337165357015,-0.4629863889100837,0.940293132217224
2024,1977,1.3792649462051185,0.2793469385101941,2.479182953900043
2024,1998,0.40948644006286417,-0.3697621979151562,1.1887350780408845
2024,1999,-0.23592033416403277,-1.3714887958079498,0.8996481274798842
2024,2005,1.2504456383770353,0.2877057870624534,2.213185489691617
2024,2007,-0.009793376519746114,-1.4646864639790824,1.44509971093959
2024,2008,1.1864018802873162,0.49620649454553756,1.8765972660290948
2024,2017,0.2900921026654675,0.035215461540584136,0.5449687437903508
2024,2037,-0.3996430034051357,-0.9648333561849787,0.16554734937470728
2024,2042,0.4661438038053626,-0.3466899509991743,1.2789775586098995
2024,2051,-0.21596367142540035,-1.018884763323948,0.5869574204731474
2024,2062,1.9089117635889443,0.8228004388940635,2.9950230882838254
2024,2073,0.8910508139081847,0.06783672995013801,1.7142648978662316
2024,2074,-0.7579698102035447,-1.4688217713917906,-0.04711784901529892
2024,2086,0.13980747947954109,-1.0370039546957117,1.3166189136547937
2024,2106,0.0115511512185415,-0.7454533451254899,0.7685556475625728
2024,2108,0.27755200285524456,-0.5906307182916757,1.145734724002165
2024,2110,0.07118649186278336,-0.5892223715841414,0.7315953553097081
2024,2119,0.1804954121613881,-0.9743886046769547,1.335379428999731
2024,2120,0.7415481395408752,-0.3586983626905731,1.8417946417723234
2024,2121,-0.41311473083264333,-1.191134256766377,0.36490479510109036
2024,2122,0.08121438774186124,-0.7945640997266217,0.956992875210344
2024,2127,0.5525070309416891,-0.4814968643140727,1.5865109261974508
2024,2139,-0.5495394850035894,-1.2179364551276477,0.1188574851204689
2024,2141,0.049791245845542675,-0.611369360146347,0.7109518518374325
2024,2153,0.08288288128892476,-1.2226722356134598,1.3884379981913095
2024,2158,0.11270474464227093,-0.37645282594453494,0.6018623152290767
2024,2175,1.9457721912059023,1.2698002497603977,2.621744132651407
2024,2190,0.3790944726791624,-0.8943285680258607,1.6525175133841854
2024,2211,-0.653780968453414,-1.765706798442694,0.458144861535866
2024,2225,0.15571431132973196,-0.9017126670382203,1.213141289697684
2024,2234,0.2018359461017944,-0.37996645346081165,0.7836383456644005
2024,2237,0.23936684254709945,-0.8332569880519765,1.3119906731461752
2024,2243,-0.061216848366512366,-0.9844859514532853,0.8620522547202605
2024,2244,0.5673222592293753,-0.02224908477225529,1.1568936032310058
2024,2259,0.3026457727700203,-0.31617385790655245,0.921465403446593
2024,2260,-0.5287420174951614,-1.0642940288273386,0.006809993837015971
2024,2261,0.3715004175025381,-0.5834354622301783,1.3264362972352546
2024,2267,0.382675442886125,-0.5646142145312738,1.3299651003035238
2024,2269,0.5844583769798167,0.057173142991623904,1.1117436109680097
2024,2270,-0.1207364153842293,-1.4629594593663149,1.221486628597856
2024,2274,1.246276721822917,0.5067765485488888,1.985776895096945
2024,2279,0.6809237786408674,0.3481283119923941,1.0137192452893407
2024,2290,0.5100371137953149,-0.10848501272050837,1.1285592403111382
2024,2291,1.8466635809472889,0.9349398137621596,2.758387348132418
2024,2299,0.6711530361596254,-0.3843447240394051,1.726650796358656
2024,2302,1.136658981145775,0.8201879370871958,1.4531300252043542
2024,2328,0.4698060510125684,-0.9306711825898557,1.8702832846149924
2024,2334,2.2769599366473647,1.8467255619208807,2.707194311373849
2024,2339,0.9770124464956742,0.6030816103804342,1.3509432826109142
2024,2340,1.2580040522235152,0.5975423982056512,1.918465706241379
2024,2341,1.2390027153666734,0.6820620622489392,1.7959433684844077
2024,2342,0.7956355248782725,-0.014852442641783092,1.606123492398328
2024,2344,0.653188568385695,0.022764153165816925,1.283612983605573
2024,2346,1.3605042411196773,0.7499973664929113,1.9710111157464434
2024,2365,-0.2183563472511902,-1.070344537008987,0.6336318425066066
2024,2368,0.9472616907339035,0.16678903066639883,1.7277343508014082
2024,2381,0.5874369120756275,0.198109010318629,0.9767648138326261
2024,2387,1.4752872554139316,0.4964919303917187,2.4540825804361446
2024,2400,1.1184972317261257,0.9019382676425736,1.3350561958096778
2024,2404,0.24496224971349398,-0.3085643598812964,0.7984888593082844
2024,2416,0.6555633074679373,-0.6411916730562502,1.9523182879921248
2024,2421,0.9946686047429844,-0.022919539846559034,2.012256749332528
2024,2422,0.1499207623775652,-0.7217041789739924,1.021545703729123
2024,2424,0.8670317144666516,0.29876452886021576,1.4352989000730876
2024,2426,0.09280921905988476,-0.3125074019604515,0.49812584008022104
2024,2430,1.2708934796492333,0.5749315730556649,1.9668553862428015
2024,2445,-0.46348678180675407,-1.2024033041727944,0.2754297405592864
2024,2449,0.19515121335005964,-0.4851465426208709,0.8754489693209901
2024,2458,2.3850125263739543,1.7931167104331431,2.9769083423147658
2024,2462,0.2356470326941506,-0.25821434143259164,0.7295084068208928
2024,2463,0.08844864115704912,-1.0247569733086905,1.2016542556227887
2024,2497,0.4730897250820303,-0.3630558412895736,1.3092352914536343
2024,2499,-0.13589003152071333,-0.7610699672320439,0.48928990419061724
2024,2500,1.3016776463288038,-0.02503371465740245,2.6283890073150102
2024,2505,2.3546153353226664,1.4045488298954205,3.3046818407499123
2024,2507,0.7133739411269834,0.30144940053121194,1.125298481722755
2024,2513,0.28285381613099936,-0.8383501323848709,1.4040577646468697
2024,2516,1.6193134889664291,0.7356463661491768,2.5029806117836815
2024,2521,0.26645852243505497,-0.20429992250865425,0.7372169673787642
2024,2530,0.4211352779926625,-0.7150682604297816,1.5573388164151065
2024,2541,0.9237641709331759,-0.21175846954547284,2.0592868114118246
2024,2544,-0.33271004221327993,-0.8562650102133036,0.19084492578674372
2024,2546,1.205237719159781,0.1808229273509765,2.2296525109685854
2024,2559,-0.1418488397015906,-1.020290461301985,0.7365927818988037
2024,2561,0.8281018906861011,-0.2116615002856861,1.8678652816578882
2024,2562,1.0329233538450773,0.3115588110339723,1.7542878966561823
2024,2566,0.26404004020749877,-0.9321549173308306,1.460234997745828
2024,2568,-0.06334124908065587,-0.6748434106382704,0.5481609124769586
2024,2570,-0.12141573988665158,-0.4094451060908326,0.1666136263175295
2024,2578,0.05435910182577833,-0.7904531323613457,0.8991713360129023
2024,2582,0.6140387982328961,-0.09758119585599057,1.3256587923217826
2024,2585,0.10022797206249304,-0.6812874412011852,0.8817433853261712
2024,2586,1.4481687608613234,0.7934658637935039,2.1028716579291427
2024,2588,-0.32211945781841617,-0.9937586606582485,0.3495197450214162
2024,2596,1.0354154140070169,0.04821417769298986,2.022616650321044
2024,2599,1.4626890640340686,1.2080555780764433,1.717322549991694
2024,2600,1.5922563136225574,0.5269044378201881,2.6576081894249266
2024,2611,0.2457582236142817,-0.3100579518912411,0.8015743991198044
2024,2617,-0.19362026729639584,-0.7451151400006855,0.35787460540789384
2024,2618,0.2590614714343602,-0.562924539051709,1.0810474819204294
2024,2632,-0.5464306844593669,-1.1914472327504941,0.09858586383176027
2024,2633,1.8957011659787082,0.8687786368089447,2.922623695148472
2024,2638,-0.1116765124676912,-1.0879762653127412,0.8646232403773587
2024,2645,0.9470385992959187,0.2354468460174246,1.6586303525744128
2024,2655,1.120401883878681,0.21482785714998853,2.0259759106073734
2024,2664,-0.3540512991577846,-0.9069922141795581,0.19888961586398884
2024,2692,0.5331532080636904,-0.1471110351842242,1.213417451311605
2024,2698,0.7076104400435178,0.33242414708038864,1.082796733006647
2024,2700,0.9378884697465427,-0.1942516429120652,2.0700285824051505
2024,2708,0.6799734888931193,-0.08077338136904388,1.4407203591552824
2024,2709,0.507916614128138,-0.28539200626039907,1.301225234516675
2024,2732,0.39152738195343406,-0.16036338544077022,0.9434181493476383
2024,2735,1.7098288633584051,0.6044520431382967,2.8152056835785135
2024,2748,0.7546921170675756,-0.3502136161850058,1.859597850320157
2024,2754,-0.13105784803889547,-0.9309857356105624,0.6688700395327714
2024,2768,0.8989470946608559,0.010611463859481196,1.7872827254622305
2024,2771,0.5064762233010336,-0.04963912189118935,1.0625915684932565
2024,2773,1.1574563926718708,0.22261981505636264,2.092292970287379
2024,2782,0.24336814239002114,-0.7097677048428302,1.1965039896228724
2024,2791,0.48055330146120684,-0.5496698647518334,1.5107764676742472
2024,2795,0.4964010704136502,0.25859838121103584,0.7342037596162646
2024,2801,0.057267884805572544,-0.8637097404521882,0.9782455100633333
2024,2805,0.13331421234200241,-0.22353065466772248,0.4901590793517273
2024,2811,0.27822931953274316,-0.5834703068697633,1.1399289459352495
2024,2817,1.1015220017609122,0.29944654758724054,1.9035974559345838
2024,2820,-0.08255135457142077,-0.6494965741403065,0.4843938649974649
2024,2823,0.7465760097313014,-0.541758001651004,2.034910021113607
2024,2824,1.2991959650339369,0.7855947309184446,1.8127971991494292
2024,2825,0.591778367065573,-0.5076592978601828,1.6912160319913287
2024,2828,-0.4426924761411432,-1.0107480579099042,0.1253631056276177
2024,2839,-0.1870043205177212,-0.6120946542865952,0.23808601325115275
2024,2844,1.61820549258112,0.4152761609472373,2.8211348242150027
2024,2845,0.2921885797553268,-0.32926281132768603,0.9136399708383396
2024,2846,-0.14458806116387546,-0.5773788925065001,0.2882027701787492
2024,2849,0.7045171295021269,-0.21463544324623862,1.6236697022504925
2024,2853,-0.1291750584207665,-0.7836613869520774,0.5253112701105445
2024,2865,-0.35613093342555435,-1.4941454770363443,0.7818836101852357
2024,2867,1.165227086813599,0.25680605520049216,2.0736481184267057
2024,2868,0.37597668767637715,-0.6253566939390701,1.3773100692918243
2024,2869,-0.2273128955111833,-0.9043029762447461,0.44967718522237954
2024,2871,0.2561100916696277,-0.1698532054023903,0.6820733887416457
2024,2874,0.24480735539530207,-0.495426034796157,0.9850407455867611
2024,2886,0.4590582639965365,-0.35318434465139525,1.2713008726444683
2024,2912,1.3252493659596314,0.41833504125433196,2.232163690664931
2024,2916,0.22705447301866843,-0.47109646982912823,0.9252054158664651
2024,2928,0.036202437319491104,-0.8736709145461603,0.9460757891851426
2024,2940,0.6457883921975781,0.22238972416687586,1.0691870602282805
2024,2941,1.0891426754963298,0.4798621220218213,1.6984232289708383
2024,2948,0.6924447595143524,0.29217407529026246,1.0927154437384423
2024,2956,1.2259635900964416,0.9989973043392936,1.4529298758535898
2024,2957,0.35116072262151254,-0.29625970299908355,0.9985811482421086
2024,2959,0.39598574711334195,-0.09772746667386417,0.8896989609005481
2024,2960,1.5045483575006544,1.1461061664092562,1.8629905485920526
2024,2968,1.3659839623580092,0.39156962965220177,2.3403982950638165
2024,2984,1.947189113515823,1.3143459068564065,2.5800323201752393
2024,2987,0.2600238810169167,-0.280398088012717,0.8004458500465503
2024,3002,-0.47751996863918506,-1.2106715271185309,0.2556315898401607
2024,3004,-0.06368068848278724,-0.5786233561780216,0.4512619792124471
2024,3005,0.5498522465373086,-0.6261230734520584,1.7258275665266756
2024,3019,0.6944178318426338,-0.5745004821376899,1.9633361458229577
2024,3020,0.670512871734057,-0.4923248711385598,1.8333506146066738
2024,3022,0.8371676431820705,0.008001015186791638,1.6663342711773494
2024,3025,-0.1042495694907079,-1.0096029832617128,0.8011038442802971
2024,3030,0.7674390943477912,-0.26649999357371856,1.8013781822693011
2024,3033,0.04438818281767562,-0.3728923887058454,0.4616687543411966
2024,3043,0.019652691758114377,-0.9779986750442606,1.0173040585604893
2024,3046,-0.2532721546183708,-1.0002071845505052,0.4936628753137636
2024,3053,-0.4456758673409048,-1.238387517275159,0.34703578259334933
2024,3057,-0.2595297717313258,-0.8808708387904494,0.3618112953277977
2024,3072,1.2385695292666936,-0.12245590290550257,2.59959496143889
2024,3074,1.1824496929587858,-0.0020447953138063024,2.3669441812313776
2024,3102,1.019096705125831,0.557231376162753,1.4809620340889091
2024,3103,-0.0436327787186333,-0.3348058812528608,0.2475403238155942
2024,3109,0.6721945800365037,-0.45414671709276555,1.798535877165773
2024,3110,-0.5059714900895358,-1.6072060544429507,0.5952630742638791
2024,3118,0.9004927259164066,0.21656740613890135,1.5844180456939119
2024,3121,1.786718719598534,1.221443525013074,2.3519939141839936
2024,3125,0.9336250261254908,-0.14148121703161243,2.008731269282594
2024,3129,0.8544690557319223,-0.09544175208647221,1.804379863550317
2024,3131,0.369710477248543,-0.285971681611789,1.025392636108875
2024,3139,0.7631403443455298,-0.29063607936202907,1.8169167680530887
2024,3143,1.5112201708982822,0.8229146799630394,2.1995256618335253
2024,3151,0.13883244584984017,-0.42064814114861876,0.6983130328482992
2024,3163,0.5050418390862675,-0.926396530243427,1.9364802084159622
2024,3170,0.5130350127778647,0.01029038816538419,1.0157796373903452
2024,3172,0.8853391963378585,0.3872288508474697,1.3834495418282473
2024,3179,0.408301677175422,-0.0297236968135956,0.8463270511644396
2024,3180,0.28640707103340285,-0.727288909722003,1.3001030517888086
2024,3182,0.7338601672226943,-0.03477148631088034,1.502491820756269
2024,3190,0.44778256684916545,-0.8604832441114776,1.7560483778098086
2024,3193,1.2249653627495207,0.40846032890319783,2.0414703965958436
2024,3198,0.32385662902988094,-0.0558349972776383,0.7035482553374002
2024,3200,0.7027895497153076,-0.0136004316956988,1.419179531126314
2024,3202,0.21931164520840982,-0.42261924235560366,0.8612425327724234
2024,3203,0.069063441766337,-0.8023605538738159,0.9404874374064898
2024,3211,0.9986121875919005,0.2626192343682068,1.7346051408155942
2024,3233,0.7492143219363814,-0.22453035743877792,1.7229590013115406
2024,3239,0.7574457007249836,-0.14817388813944066,1.663065289589408
2024,3243,1.4017606271444405,0.1494123449411464,2.654108909347735
2024,3247,-0.09259692237189208,-0.6712441530966732,0.486050308352889
2024,3249,0.02624982188356534,-0.48669191105262016,0.5391915548197508
2024,3252,-0.012871800737159517,-1.009639676219715,0.9838960747453961
2024,3260,0.44997081856665166,-0.17431600627616173,1.074257643409465
2024,3261,-0.4494655796778888,-1.1818931579643799,0.28296199860860216
2024,3262,0.21586975097288236,-0.6376226510090222,1.0693621529547868
2024,3266,-0.07366881730006769,-0.9445210555874552,0.7971834209873199
2024,3271,0.7246749455347843,-0.2877214729829012,1.7370713640524698
2024,3272,0.8400698915304726,-0.07981583434554762,1.7599556174064928
2024,3274,0.840839132695786,-0.3596030920035236,2.0412813573950954
2024,3291,0.4946771679726287,-0.7034333071284575,1.692787643073715
2024,3294,1.606289458860525,0.8380272940838699,2.37455162363718
2024,3303,-0.08396297288870086,-0.8431522032470311,0.6752262574696295
2024,3316,0.44095114492216425,-0.4394356059514789,1.3213378957958075
2024,3319,-0.14095627238487646,-0.5503661947808385,0.2684536500110855
2024,3320,0.7486255921310413,0.0022345602202634707,1.4950166240418192
2024,3328,0.9864236799173256,0.1699567997343846,1.8028905601002667
2024,3329,1.6572948492293829,1.2104328141903478,2.104156884268418
2024,3351,1.6603168323023234,0.5551145588052697,2.765519105799377
2024,3355,0.1433910607722733,-0.46483640524656455,0.7516185267911111
2024,3359,0.5241689173580913,-0.6122156997850751,1.6605535345012576
2024,3360,1.1711925329001742,0.6313052637531652,1.7110798020471831
2024,3362,0.2558933677193316,-0.7423832150240292,1.2541699504626922
2024,3366,0.516717206724625,-0.10936092981863377,1.1427953432678837
2024,3373,-0.5394001864965909,-1.4519555935820396,0.37315522058885775
2024,3375,1.03700123642587,0.22392777929567276,1.8500746935560675
2024,3381,1.448627531253299,0.9298442638917733,1.9674107986148246
2024,3385,0.8999331297217443,0.06356487793530796,1.7363013815081807
2024,3387,0.04765779664367809,-0.8564315875120954,0.9517471807994515
2024,3391,0.13057836092686312,-0.46004912297611134,0.7212058448298376
2024,3395,0.5955292318743048,0.17110090473353656,1.0199575590150731
2024,3400,0.6117907506102215,-0.5946622581406945,1.8182437593611374
2024,3401,0.5884198274007674,-0.46799693314632596,1.6448365879478608
2024,3408,0.5980072199811229,-0.357024616179188,1.5530390561414338
2024,3423,0.5959113527663262,-0.25081247395959727,1.4426351794922496
2024,3439,0.597427310868751,0.35015426345180206,0.8447003582857
2024,3443,0.6544603943445063,0.3655286325711653,0.9433921561178473
2024,3446,0.5151012454403399,-0.5598904478918891,1.5900929387725689
2024,3447,0.3469671803682963,-0.32731260941818285,1.0212469701547755
2024,3452,0.40978399023606993,-0.7918861951220572,1.6114541755941971
2024,3479,0.24228841308314794,-0.6471942638629185,1.1317710900292144
2024,3486,0.019764924042689744,-0.6321427273591043,0.6716725754444837
2024,3489,0.10499552754587867,-1.0265440848781653,1.2365351399699227
2024,3493,0.33395514333680054,-0.5109763144766097,1.1788866011502108
2024,3501,0.30329151128068826,-0.022207500580725736,0.6287905231421023
2024,3503,1.4591201753527356,0.727517993698723,2.1907223570067482
2024,3505,0.1109870941284401,-0.7885682290338252,1.0105424172907054
2024,3515,1.2955222857894593,0.7316922753877794,1.859352296191139
2024,3522,0.5571770677278316,-0.13493460653798195,1.2492887419936451
2024,3527,1.9896310252223322,1.1311090585358872,2.848152991908777
2024,3528,1.3161494648030556,0.5925455229413911,2.0397534066647203
2024,3533,1.0191057670201653,-0.014916780123955808,2.0531283141642866
2024,3539,0.7057834890610495,-0.39331690895180027,1.8048838870738992
2024,3543,-0.3864837413038046,-1.4003750605678782,0.6274075779602689
2024,3549,0.19515673427304256,-0.8936659492867806,1.2839794178328656
2024,3550,0.10388754414320735,-0.9186869337172864,1.1264620220037012
2024,3554,0.45539785433172597,-0.06840065335038392,0.9791963620138359
2024,3558,0.22300732591212016,-0.26023188140568665,0.706246533229927
2024,3565,0.7640974552921036,-0.17636944380501973,1.7045643543892268
2024,3568,-0.03285405866061769,-1.1136031173915215,1.0478950000702862
2024,3569,0.616315121182157,0.35708888320690774,0.8755413591574064
2024,3570,0.7292905870426476,-0.30034400591462407,1.7589251799999193
2024,3574,1.1388633904096437,0.2786594749587906,1.9990673058604966
2024,3578,0.7305952614280024,-0.3986901785848739,1.8598807014408787
2024,3590,0.13540286269428073,-0.8314728502933283,1.1022785756818898
2024,3593,0.496507459813486,-0.5658107574104074,1.5588256770373794
2024,3603,0.33481656688313516,-0.693409794058246,1.3630429278245162
2024,3606,0.7539525352299343,0.27057913985898874,1.23732593060088
2024,3608,1.5807463326951297,0.7027527494146489,2.4587399159756105
2024,3618,0.9979017847949427,0.199826306533889,1.7959772630559965
2024,3625,0.8235985671908466,0.025523088929792825,1.6216740454519003
2024,3635,-0.5708271736419204,-1.368902651902974,0.22724830461913337
2024,3640,0.26899742026872336,-0.5290780579923304,1.067072898529777
2024,3660,0.33238040848839434,-0.4656950697726594,1.130455886749448
2024,3664,1.5841944258269007,0.786118947565847,2.3822699040879547
2024,3665,1.3781997141129696,0.5801242358519159,2.1762751923740233
2024,3689,0.1422314438293808,-0.6558440344316729,0.9403069220904345
2024,3696,0.20561443204905236,-0.5924610462120014,1.003689910310106
2024,3699,0.15807719088429883,-0.6399982873767549,0.9561526691453526
2024,3712,0.2848431673236414,-0.5132323109374124,1.082918645584695
2024,3720,0.33238040848839434,-0.4656950697726594,1.130455886749448
2024,3734,1.01374753184986,0.21567205358880637,1.8118230101109138
2024,3736,0.26899742026872336,-0.5290780579923304,1.067072898529777
2024,3753,0.554220867257244,-0.24385461100380978,1.3522963455182977
2024,3759,0.3006889143785589,-0.49738656388249486,1.0987643926396127
2024,3776,0.7919070730810109,-0.006168405180042802,1.5899825513420647
2024,3781,0.17392293793921632,-0.6241525403218374,0.97199841620027
2024,3802,1.1722050023990387,0.37412952413798495,1.9702804806600924
2024,3803,0.554220867257244,-0.24385461100380978,1.3522963455182977
2024,3807,-0.11130050904930372,-0.9093759873103575,0.68677496921175
2024,3810,0.047156961499874306,-0.7509185167611794,0.8452324397609281
2024,3814,-0.00038027966487924614,-0.798455757925933,0.7976951985961744
2024,3824,0.617603855476915,-0.18047162278413875,1.4156793337379687
2024,3828,0.5700666143121614,-0.2280088639488923,1.368142092573215
2024,3833,-0.03207177377471471,-0.8301472520357684,0.766003704486339
2024,3839,0.9028273024654356,0.1047518242043819,1.7009027807264894
2024,3841,1.2989709788383808,0.500895500577327,2.0970464570994345
2024,3846,0.2848431673236414,-0.5132323109374124,1.082918645584695
2024,3848,1.2672794847285447,0.46920400646749094,2.0653549629895984
2024,3854,0.3799176496531479,-0.41815782860790585,1.1779931279142017
2024,3856,0.934518796575271,0.1364433183142173,1.7325942748363248
2024,3863,-0.016226026719797226,-0.814301504980851,0.7818494515412565
2024,3865,0.26899742026872336,-0.5290780579923304,1.067072898529777
2024,3869,0.855290061300682,0.05721458303962823,1.6533655395617357
2024,3871,1.3306624729482166,0.5325869946871629,2.1287379512092706
2024,3890,0.39576339670806593,-0.4023120815529878,1.1938388749691198
2024,3898,1.3781997141129696,0.5801242358519159,2.1762751923740233
2024,3903,1.1880507494539556,0.3899752711929019,1.9861262277150094
2024,3906,-0.03207177377471471,-0.8301472520357684,0.766003704486339
2024,3909,0.7760613260260931,-0.022014152234960616,1.5741368042871469
2024,3912,1.3465082200031335,0.5484327417420798,2.1445836982641873
2024,3921,1.4891199434973947,0.691044465236341,2.2871954217584483
2024,3934,0.6492953495867504,-0.14878012867430335,1.4473708278478041
2024,3956,0.33238040848839434,-0.4656950697726594,1.130455886749448
2024,3959,1.3781997141129696,0.5801242358519159,2.1762751923740233
2024,3963,-0.12714625610422176,-0.9252217343652755,0.6709292221568319
2024,3965,0.0788484556097098,-0.719227022651344,0.8769239338707635
2024,3969,0.047156961499874306,-0.7509185167611794,0.8452324397609281
2024,3980,-0.15883775021405727,-0.956913228475111,0.6392377280469965
2024,3982,-0.602518667751756,-1.4005941460128097,0.19555681050929774
2024,3984,0.8711358083556,0.07306033009454627,1.6692112866166537
2024,3985,-0.2856037266533998,-1.0836792049144535,0.512471751607654
2024,3996,0.8394443142457646,0.04136883598471086,1.6375197925068183
2024,4000,-0.0954547619943863,-0.89353024025544,0.7026207162666674
2024,4003,0.31653466143347686,-0.4815408168275769,1.1146101396945305
2024,4010,-0.4282154501476599,-1.2262909284087136,0.36986002811339386
2024,4016,-0.11130050904930372,-0.9093759873103575,0.68677496921175
2024,4026,0.696832590751504,-0.10124288750954968,1.4949080690125578
2024,4030,-0.22222073843372886,-1.0202962166947827,0.5758547398273248
2024,4034,1.0771305200695316,0.27905504180847784,1.8752059983305853
2024,4050,0.3799176496531479,-0.41815782860790585,1.1779931279142017
2024,4055,0.8394443142457646,0.04136883598471086,1.6375197925068183
2024,4059,0.11053994971954531,-0.6875355285415085,0.908615427980599
2024,4063,0.855290061300682,0.05721458303962823,1.6533655395617357
2024,4067,-0.20637499137881082,-1.0044504696398646,0.5917004868822429
2024,4073,0.7919070730810109,-0.006168405180042802,1.5899825513420647
2024,4080,-0.1905292443238928,-0.9886047225849466,0.6075462339371609
2024,4083,0.31653466143347686,-0.4815408168275769,1.1146101396945305
2024,4085,0.1422314438293808,-0.6558440344316729,0.9403069220904345
2024,4086,0.5859123613670795,-0.21216311689397427,1.383987839628133
2024,4088,0.17392293793921632,-0.6241525403218374,0.97199841620027
2024,4097,0.2848431673236414,-0.5132323109374124,1.082918645584695
2024,4099,-0.00038027966487924614,-0.798455757925933,0.7976951985961744
2024,4109,0.06300270855479179,-0.735072769706262,0.8610781868158455
2024,4119,0.03131121444495627,-0.7667642638160974,0.8293866927060101
