season,batter_id,age,hitter_type,batter_idx,u_q2.5,u_q50,u_q97.5,level_idx,contrib_age,contrib_level,contrib_u,pred_mean,pred_lo95,pred_hi95
2024,2,25.4,,,,,,2,-0.04147590408396001,0.0,0.0,87.91543264591604,87.91543264591604,87.91543264591604
2024,6,29.2,POWER,252.0,-0.368,2.145,4.777,2,0.11613253143508805,0.0,2.145,90.21804108143509,89.8500410814351,94.99504108143509
2024,9,22.3,,,,,,2,-0.17005120674423593,0.0,0.0,87.78685734325578,87.78685734325578,87.78685734325578
2024,11,26.8,POWER,618.0,-2.687,0.162,3.025,2,0.01659036163358409,0.0,0.162,88.1354989116336,85.4484989116336,91.16049891163361
2024,12,34.8,POWER,860.0,-4.066,-1.289,1.825,2,0.348397594305264,0.0,-1.289,87.01630614430528,82.95030614430527,88.84130614430528
2024,19,28.5,POWER,391.0,-4.21,-1.62,1.2,2,0.08709939857631607,0.0,-1.62,86.42400794857632,82.21400794857632,87.62400794857632
2024,31,28.3,POWER,650.0,-3.334,-0.317,2.624,2,0.0788042177595241,0.0,-0.317,87.71871276775954,84.38471276775954,90.34271276775954
2024,35,30.4,POWER,352.0,-2.54,0.931,4.126,2,0.16590361633584003,0.0,0.931,89.05381216633585,86.51381216633584,93.17981216633585
2024,42,26.6,POWER,695.0,-3.267,-0.542,2.051,2,0.00829518081679212,0.0,-0.542,87.4232037308168,84.1562037308168,89.4742037308168
2024,44,26.9,POWER,679.0,-3.73,-0.647,2.27,2,0.020737952041980003,0.0,-0.647,87.33064650204199,83.60064650204198,89.60064650204198
2024,45,26.6,POWER,880.0,-2.909,0.012,2.7,2,0.00829518081679212,0.0,0.012,87.9772037308168,85.06820373081679,90.6772037308168
2024,49,28.0,POWER,342.0,-2.025,0.534,3.047,2,0.06636144653433607,0.0,0.534,88.55726999653434,86.53226999653434,91.60426999653434
2024,52,25.3,POWER,1010.0,-3.418,-0.373,2.408,2,-0.04562349449235592,0.0,-0.373,87.53828505550764,84.12028505550764,89.94628505550764
2024,53,31.6,POWER,502.0,-4.74,-1.794,1.092,2,0.21567470123659216,0.0,-1.794,86.3785832512366,81.63858325123661,87.4705832512366
2024,61,26.4,CONTACT,392.0,-3.703,-0.284,2.761,2,0.0,0.0,-0.284,87.67290855,83.96990855,90.43390855
2024,62,31.2,POWER,50.0,-1.776,1.12,3.911,2,0.19908433960300806,0.0,1.12,89.27599288960302,87.49999288960302,93.18699288960302
2024,77,29.0,POWER,788.0,-1.321,1.384,4.197,2,0.10783735061829608,0.0,1.384,89.4487459006183,88.12774590061831,93.64574590061831
2024,79,28.9,POWER,549.0,-3.314,-0.461,2.731,2,0.10368976020990002,0.0,-0.461,87.59959831020991,84.2855983102099,90.33059831020991
2024,88,31.1,CONTACT,943.0,-1.744,0.919,3.977,2,0.19493674919461215,0.0,0.919,89.07084529919462,87.32684529919462,93.04784529919462
2024,94,26.0,POWER,692.0,-2.36,0.492,3.09,2,-0.016590361633583944,0.0,0.492,88.43231818836642,86.07231818836642,91.52231818836643
2024,101,21.8,,,,,,2,-0.19078915878621594,0.0,0.0,87.76611939121379,87.76611939121379,87.76611939121379
2024,114,29.3,POWER,371.0,-4.703,-1.44,1.653,2,0.1202801218434841,0.0,-1.44,86.63718867184349,81.93418867184349,88.2901886718435
2024,117,29.7,POWER,108.0,-2.458,-0.028,2.387,2,0.13687048347706804,0.0,-0.028,88.06577903347707,85.60777903347707,90.45277903347707
2024,121,27.9,POWER,893.0,-3.898,-0.887,2.206,2,0.062213856125940006,0.0,-0.887,87.13212240612594,83.23412240612595,89.33812240612595
2024,131,31.3,POWER,472.0,-3.74,-1.038,2.015,2,0.20323193001140413,0.0,-1.038,87.12214048001141,83.38214048001142,89.13714048001141
2024,133,22.2,,,,,,2,-0.174198797152632,0.0,0.0,87.78270975284738,87.78270975284738,87.78270975284738
2024,144,25.2,POWER,992.0,-2.013,0.937,4.101,2,-0.04977108490075198,0.0,0.937,88.84413746509925,86.83113746509925,92.94513746509925
2024,145,28.4,POWER,207.0,-3.43,-0.76,2.312,2,0.08295180816792001,0.0,-0.76,87.27986035816792,83.84986035816792,89.59186035816792
2024,150,24.2,,,,,,2,-0.09124698898471198,0.0,0.0,87.8656615610153,87.8656615610153,87.8656615610153
2024,153,28.3,POWER,484.0,-2.437,0.41,2.978,2,0.0788042177595241,0.0,0.41,88.44571276775953,86.00871276775953,91.42371276775953
2024,166,25.9,POWER,231.0,-2.889,-0.254,2.275,2,-0.020737952041980003,0.0,-0.254,87.68217059795802,84.79317059795802,89.95717059795803
2024,175,29.7,POWER,522.0,-2.611,0.37,3.224,2,0.13687048347706804,0.0,0.37,88.46377903347708,85.85277903347708,91.68777903347709
2024,176,30.9,POWER,268.0,-2.284,0.46,3.776,2,0.18664156837782003,0.0,0.46,88.60355011837783,86.31955011837782,92.37955011837782
2024,177,29.0,POWER,136.0,-3.267,-0.084,3.069,2,0.10783735061829608,0.0,-0.084,87.9807459006183,84.7137459006183,91.0497459006183
2024,190,32.4,POWER,182.0,-2.363,0.46,3.387,2,0.24885542450376003,0.0,0.46,88.66576397450376,86.30276397450376,92.05276397450376
2024,201,24.6,POWER,532.0,-2.549,0.055,2.775,2,-0.0746566273511279,0.0,0.055,87.93725192264888,85.38825192264888,90.71225192264889
2024,206,22.4,POWER,985.0,-2.519,0.124,2.831,2,-0.16590361633584003,0.0,0.124,87.91500493366416,85.39600493366416,90.74600493366417
2024,228,27.4,POWER,435.0,-3.543,-0.832,1.581,2,0.04147590408396001,0.0,-0.832,87.16638445408398,83.62338445408398,88.74738445408398
2024,232,32.2,POWER,24.0,-3.743,-0.652,2.488,2,0.2405602436869682,0.0,-0.652,87.54546879368698,83.80246879368698,90.03346879368698
2024,235,33.8,POWER,116.0,-1.932,0.867,3.314,2,0.306921690221304,0.0,0.867,89.13083024022131,87.19883024022131,92.44483024022131
2024,241,32.9,POWER,457.0,-3.494,-0.65,1.997,2,0.26959337654574006,0.0,-0.65,87.57650192654575,84.08250192654575,89.57350192654575
2024,260,33.3,POWER,881.0,-5.33,-2.35,0.437,2,0.28618373817932397,0.0,-2.35,85.89309228817933,80.56309228817933,86.33009228817933
2024,265,25.3,POWER,911.0,-1.235,1.475,4.272,2,-0.04562349449235592,0.0,1.475,89.38628505550764,88.15128505550764,93.65828505550765
2024,270,29.3,POWER,357.0,-4.115,-0.896,2.129,2,0.1202801218434841,0.0,-0.896,87.18118867184349,83.06618867184349,89.31018867184349
2024,281,25.1,,,,,,2,-0.053918675309147894,0.0,0.0,87.90298987469086,87.90298987469086,87.90298987469086
2024,287,22.3,POWER,1118.0,-4.881,-1.786,1.333,2,-0.17005120674423593,0.0,-1.786,86.00085734325577,81.11985734325577,87.33385734325577
2024,288,26.5,,,,,,2,0.00414759040839606,0.0,0.0,87.9610561404084,87.9610561404084,87.9610561404084
2024,289,25.3,CONTACT,843.0,-2.798,0.139,2.789,2,-0.04562349449235592,0.0,0.139,88.05028505550764,85.25228505550764,90.83928505550764
2024,290,27.5,POWER,925.0,-3.9,-0.658,2.372,2,0.045623494492356066,0.0,-0.658,87.34453204449237,83.44453204449236,89.71653204449237
2024,292,33.9,POWER,146.0,-3.924,-1.685,0.648,2,0.3110692806297001,0.0,-1.685,86.5829778306297,82.6589778306297,87.2309778306297
2024,294,27.1,POWER,259.0,-3.094,-0.094,2.446,2,0.029033132858772123,0.0,-0.094,87.89194168285879,84.79794168285879,90.33794168285878
2024,296,35.4,POWER,184.0,-3.089,-0.222,2.669,2,0.37328313675564007,0.0,-0.222,88.10819168675566,85.01919168675566,90.77719168675566
2024,310,29.0,POWER,639.0,-2.632,0.051,2.846,2,0.10783735061829608,0.0,0.051,88.11574590061831,85.4837459006183,90.96174590061831
2024,311,27.3,POWER,1083.0,-3.247,-0.1,2.93,2,0.03732831367556409,0.0,-0.1,87.89423686367557,84.64723686367557,90.82423686367558
2024,314,28.6,POWER,659.0,-4.355,-1.98,0.592,2,0.09124698898471213,0.0,-1.98,86.06815553898471,81.71315553898471,86.66015553898471
2024,323,27.4,POWER,151.0,-1.772,0.74,3.25,2,0.04147590408396001,0.0,0.74,88.73838445408397,86.96638445408396,91.98838445408397
2024,329,27.6,POWER,810.0,-5.395,-2.325,0.712,2,0.049771084900752126,0.0,-2.325,85.68167963490076,80.28667963490076,86.39367963490076
2024,355,30.4,POWER,672.0,-3.832,-1.032,1.515,2,0.16590361633584003,0.0,-1.032,87.09081216633585,83.25881216633586,88.60581216633585
2024,357,23.5,POWER,633.0,-3.902,-1.053,1.897,2,-0.12028012184348397,0.0,-1.053,86.78362842815653,82.88162842815653,88.68062842815654
2024,360,26.1,POWER,868.0,-1.89,1.303,4.181,2,-0.012442771225187884,0.0,1.303,89.24746577877482,87.35746577877482,93.42846577877482
2024,361,26.1,POWER,579.0,-0.714,1.77,3.861,2,-0.012442771225187884,0.0,1.77,89.71446577877482,89.00046577877482,93.57546577877483
2024,362,30.8,POWER,662.0,-2.743,0.041,3.136,2,0.18249397796942413,0.0,0.041,88.18040252796943,85.43740252796944,91.31640252796943
2024,364,31.3,POWER,753.0,-2.495,0.596,3.974,2,0.20323193001140413,0.0,0.596,88.75614048001141,86.2611404800114,92.73014048001141
2024,367,28.2,POWER,759.0,-3.261,-0.143,2.824,2,0.07465662735112805,0.0,-0.143,87.88856517735114,84.62756517735114,90.71256517735114
2024,375,31.7,POWER,456.0,-2.567,-0.102,2.396,2,0.21982229164498807,0.0,-0.102,88.07473084164499,85.50773084164499,90.470730841645
2024,380,22.2,,,,,,2,-0.174198797152632,0.0,0.0,87.78270975284738,87.78270975284738,87.78270975284738
2024,381,30.9,POWER,670.0,-3.112,-0.558,2.218,2,0.18664156837782003,0.0,-0.558,87.58555011837782,84.47355011837783,89.80355011837783
2024,383,29.6,CONTACT,737.0,-3.588,-0.829,2.009,2,0.13272289306867213,0.0,-0.829,87.26063144306869,83.6726314430687,89.26963144306869
2024,387,25.0,POWER,823.0,-2.813,0.626,3.487,2,-0.058066265717543954,0.0,0.626,88.52484228428247,85.71184228428247,92.01184228428247
2024,390,23.9,,,,,,2,-0.10368976020990002,0.0,0.0,87.8532187897901,87.8532187897901,87.8532187897901
2024,401,29.8,POWER,3.0,-1.604,1.129,3.931,2,0.1410180738854641,0.0,1.129,89.22692662388548,87.62292662388548,93.15792662388547
2024,403,35.0,POWER,1009.0,-2.617,0.329,3.084,2,0.3566927751220561,0.0,0.329,88.64260132512206,86.02560132512205,91.72660132512206
2024,407,35.8,CONTACT,919.0,-3.919,-0.746,2.308,2,0.389873498389224,0.0,-0.746,87.60078204838923,83.68178204838924,89.90878204838924
2024,412,22.9,POWER,1130.0,-3.19,-0.177,2.748,2,-0.14516566429386002,0.0,-0.177,87.63474288570615,84.44474288570615,90.38274288570615
2024,414,26.7,POWER,863.0,-3.025,-0.103,2.783,2,0.012442771225188031,0.0,-0.103,87.8663513212252,84.84135132122519,90.6493513212252
2024,415,27.7,POWER,789.0,-3.047,-0.19,2.66,2,0.05391867530914804,0.0,-0.19,87.82082722530916,84.77382722530916,90.48082722530916
2024,419,24.1,POWER,975.0,-1.39,1.557,4.608,2,-0.0953945793931079,0.0,1.557,89.41851397060691,88.02851397060691,94.02651397060691
2024,420,36.0,POWER,535.0,-4.133,-1.409,1.05,2,0.3981686792060161,0.0,-1.409,86.94607722920603,82.81307722920603,87.99607722920602
2024,425,26.1,POWER,997.0,-2.822,0.006,3.293,2,-0.012442771225187884,0.0,0.006,87.95046577877483,85.12846577877482,91.24346577877483
2024,430,22.6,POWER,316.0,-3.317,-0.693,2.025,2,-0.1576084355190479,0.0,-0.693,87.10630011448096,83.78930011448097,89.13130011448096
2024,449,31.5,POWER,585.0,-0.095,2.081,4.157,2,0.21152711082819609,0.0,2.081,90.24943566082821,90.15443566082821,94.40643566082821
2024,450,26.6,POWER,227.0,-1.372,1.289,3.736,2,0.00829518081679212,0.0,1.289,89.2542037308168,87.8822037308168,92.9902037308168
2024,478,25.8,POWER,54.0,-2.863,-0.018,2.846,2,-0.024885542450375917,0.0,-0.018,87.91402300754963,85.05102300754963,90.76002300754963
2024,479,26.4,POWER,624.0,-3.538,-0.697,2.309,2,0.0,0.0,-0.697,87.25990855,83.72190855000001,89.56890855
2024,482,26.6,POWER,529.0,-2.096,0.451,3.245,2,0.00829518081679212,0.0,0.451,88.41620373081679,86.32020373081679,91.6612037308168
2024,483,25.4,,,,,,2,-0.04147590408396001,0.0,0.0,87.91543264591604,87.91543264591604,87.91543264591604
2024,490,27.8,POWER,29.0,-3.862,-1.263,1.347,2,0.0580662657175441,0.0,-1.263,86.75197481571755,82.88997481571755,88.09897481571754
2024,513,26.4,,,,,,2,0.0,0.0,0.0,87.95690855000001,87.95690855000001,87.95690855000001
2024,526,24.8,POWER,1029.0,-3.299,0.045,3.16,2,-0.06636144653433593,0.0,0.045,87.93554710346568,84.63654710346567,91.09554710346568
2024,537,31.4,POWER,500.0,-2.105,0.239,2.789,2,0.20737952041980004,0.0,0.239,88.40328807041982,86.29828807041982,91.19228807041982
2024,542,27.5,POWER,210.0,-2.869,-0.114,2.6,2,0.045623494492356066,0.0,-0.114,87.88853204449237,85.01953204449237,90.48853204449236
2024,543,23.7,POWER,215.0,1.635,3.753,5.803,2,-0.11198494102669199,0.0,3.753,91.59792360897332,93.23292360897332,97.40092360897332
2024,544,29.3,POWER,479.0,-3.077,-0.365,2.634,2,0.1202801218434841,0.0,-0.365,87.71218867184349,84.6351886718435,90.34618867184349
2024,547,31.9,POWER,537.0,-3.067,-0.481,2.26,2,0.22811747246178005,0.0,-0.481,87.70402602246179,84.63702602246178,89.9640260224618
2024,552,25.5,POWER,596.0,-4.197,-1.119,1.997,2,-0.03732831367556395,0.0,-1.119,86.80058023632445,82.60358023632445,88.79758023632445
2024,553,25.0,POWER,526.0,-4.368,-1.631,0.978,2,-0.058066265717543954,0.0,-1.631,86.26784228428247,81.89984228428247,87.24584228428246
2024,556,29.7,POWER,229.0,-2.271,0.479,3.309,2,0.13687048347706804,0.0,0.479,88.57277903347708,86.30177903347708,91.88177903347707
2024,559,23.3,POWER,841.0,0.955,3.964,6.456,2,-0.12857530266027592,0.0,3.964,91.79233324733973,92.74733324733972,98.24833324733973
2024,570,31.2,POWER,403.0,-1.644,1.016,3.577,2,0.19908433960300806,0.0,1.016,89.17199288960302,87.52799288960301,92.74899288960302
2024,571,27.7,,,,,,2,0.05391867530914804,0.0,0.0,88.01082722530916,88.01082722530916,88.01082722530916
2024,580,24.7,POWER,1164.0,-2.998,-0.173,3.061,2,-0.07050903694273199,0.0,-0.173,87.71339951305727,84.71539951305726,90.77439951305726
2024,583,28.1,POWER,449.0,-0.35,2.698,5.339,2,0.07050903694273213,0.0,2.698,90.72541758694274,90.37541758694275,96.06441758694274
2024,593,33.5,POWER,870.0,-3.263,-0.44,3.01,2,0.2944789189961161,0.0,-0.44,87.81138746899613,84.54838746899613,90.82138746899614
2024,615,25.9,POWER,1081.0,-3.404,-0.219,2.801,2,-0.020737952041980003,0.0,-0.219,87.71717059795803,84.31317059795803,90.51817059795803
2024,617,37.4,POWER,657.0,-0.029,2.001,4.38,2,0.4562349449235601,0.0,2.001,90.41414349492358,90.38514349492358,94.79414349492357
2024,622,27.1,CONTACT,830.0,-2.983,-0.06,2.823,2,0.029033132858772123,0.0,-0.06,87.92594168285878,84.94294168285877,90.74894168285877
2024,638,26.7,POWER,807.0,-2.829,0.04,3.015,2,0.012442771225188031,0.0,0.04,88.0093513212252,85.1803513212252,91.0243513212252
2024,640,26.5,POWER,531.0,-3.366,-0.564,2.107,2,0.00414759040839606,0.0,-0.564,87.39705614040841,84.03105614040841,89.50405614040841
2024,652,31.9,POWER,784.0,-3.63,-0.581,2.518,2,0.22811747246178005,0.0,-0.581,87.60402602246178,83.97402602246179,90.12202602246178
2024,656,23.2,,,,,,2,-0.132722893068672,0.0,0.0,87.82418565693133,87.82418565693133,87.82418565693133
2024,658,28.4,POWER,722.0,-3.519,-1.499,0.63,2,0.08295180816792001,0.0,-1.499,86.54086035816793,83.02186035816793,87.17086035816793
2024,664,22.5,POWER,740.0,-3.502,-0.382,2.668,2,-0.16175602592744398,0.0,-0.382,87.41315252407256,83.91115252407256,90.08115252407256
2024,671,25.1,,,,,,2,-0.053918675309147894,0.0,0.0,87.90298987469086,87.90298987469086,87.90298987469086
2024,673,25.6,,,,,,2,-0.03318072326716789,0.0,0.0,87.92372782673284,87.92372782673284,87.92372782673284
2024,685,28.3,POWER,977.0,-3.661,-0.713,2.063,2,0.0788042177595241,0.0,-0.713,87.32271276775954,83.66171276775954,89.38571276775954
2024,692,24.0,,,,,,2,-0.09954216980150396,0.0,0.0,87.8573663801985,87.8573663801985,87.8573663801985
2024,704,27.3,POWER,927.0,-3.495,-0.693,2.068,2,0.03732831367556409,0.0,-0.693,87.30123686367557,83.80623686367557,89.36923686367557
2024,718,27.1,POWER,957.0,-2.366,0.596,3.255,2,0.029033132858772123,0.0,0.596,88.58194168285878,86.21594168285878,91.83694168285878
2024,729,31.6,POWER,109.0,-2.108,0.787,3.752,2,0.21567470123659216,0.0,0.787,88.95958325123661,86.8515832512366,92.7115832512366
2024,730,27.3,POWER,345.0,-2.032,1.175,4.072,2,0.03732831367556409,0.0,1.175,89.16923686367556,87.13723686367557,93.24123686367557
2024,738,25.6,POWER,743.0,-2.347,0.369,3.279,2,-0.03318072326716789,0.0,0.369,88.29272782673284,85.94572782673285,91.57172782673284
2024,748,25.3,POWER,362.0,-1.867,0.558,3.194,2,-0.04562349449235592,0.0,0.558,88.46928505550765,86.60228505550765,91.66328505550766
2024,754,23.4,,,,,,2,-0.12442771225188001,0.0,0.0,87.83248083774812,87.83248083774812,87.83248083774812
2024,758,39.6,POWER,18.0,-0.36,2.094,4.578,2,0.5474819339082722,0.0,2.094,90.59839048390828,90.23839048390828,95.17639048390828
2024,759,28.3,POWER,115.0,-2.814,-0.727,1.492,2,0.0788042177595241,0.0,-0.727,87.30871276775953,84.49471276775952,88.80071276775953
2024,769,26.3,POWER,293.0,-6.231,-3.538,-0.965,2,-0.004147590408395912,0.0,-3.538,84.41476095959162,78.18376095959162,83.44976095959161
2024,772,30.9,POWER,4.0,-2.249,1.125,4.195,2,0.18664156837782003,0.0,1.125,89.26855011837783,87.01955011837784,93.46355011837784
2024,779,29.8,POWER,852.0,-3.673,-0.574,2.178,2,0.1410180738854641,0.0,-0.574,87.52392662388547,83.85092662388547,89.70192662388547
2024,782,26.8,,,,,,2,0.01659036163358409,0.0,0.0,87.9734989116336,87.9734989116336,87.9734989116336
2024,783,30.3,POWER,464.0,-3.124,-0.481,2.246,2,0.16175602592744412,0.0,-0.481,87.63766457592746,84.51366457592746,89.88366457592745
2024,786,31.6,POWER,112.0,-3.537,-0.524,2.532,2,0.21567470123659216,0.0,-0.524,87.6485832512366,84.1115832512366,90.1805832512366
2024,792,25.0,POWER,1005.0,-2.823,0.063,3.312,2,-0.058066265717543954,0.0,0.063,87.96184228428247,85.13884228428248,91.27384228428247
2024,808,28.3,POWER,846.0,-1.927,1.147,4.298,2,0.0788042177595241,0.0,1.147,89.18271276775954,87.25571276775953,93.48071276775954
2024,814,32.0,POWER,961.0,-2.945,0.009,3.249,2,0.2322650628701761,0.0,0.009,88.19817361287018,85.25317361287019,91.44717361287017
2024,825,29.3,POWER,875.0,-3.268,-0.783,1.855,2,0.1202801218434841,0.0,-0.783,87.29418867184349,84.02618867184349,89.14918867184349
2024,831,27.4,,,,,,2,0.04147590408396001,0.0,0.0,87.99838445408398,87.99838445408398,87.99838445408398
2024,832,33.6,POWER,196.0,-4.64,-1.276,1.704,2,0.2986265094045122,0.0,-1.276,86.97953505940453,82.33953505940453,88.68353505940452
2024,833,30.4,POWER,876.0,-3.412,-0.149,2.852,2,0.16590361633584003,0.0,-0.149,87.97381216633585,84.56181216633584,90.82581216633585
2024,838,29.5,POWER,88.0,-3.416,-0.457,2.521,2,0.1285753026602761,0.0,-0.457,87.6284838526603,84.2124838526603,90.1494838526603
2024,839,28.7,POWER,831.0,-1.876,0.874,3.927,2,0.09539457939310804,0.0,0.874,88.9263031293931,87.0503031293931,92.85330312939311
2024,842,29.9,POWER,609.0,-3.032,-0.154,2.988,2,0.14516566429386002,0.0,-0.154,87.94807421429387,84.91607421429387,90.93607421429387
2024,843,27.5,POWER,331.0,-1.806,0.901,4.187,2,0.045623494492356066,0.0,0.901,88.90353204449237,87.09753204449237,93.09053204449236
2024,851,25.8,POWER,1076.0,-2.597,0.321,2.773,2,-0.024885542450375917,0.0,0.321,88.25302300754963,85.65602300754963,91.02602300754963
2024,855,29.3,CONTACT,303.0,-3.253,-0.605,2.156,2,0.1202801218434841,0.0,-0.605,87.47218867184348,84.21918867184348,89.62818867184349
2024,857,33.3,POWER,800.0,-3.36,-0.39,2.331,2,0.28618373817932397,0.0,-0.39,87.85309228817933,84.49309228817933,90.18409228817933
2024,859,38.2,CONTACT,556.0,-3.148,-0.423,2.065,2,0.48941566819072824,0.0,-0.423,88.02332421819074,84.87532421819074,90.08832421819073
2024,870,26.4,POWER,1069.0,-2.906,-0.394,2.139,2,0.0,0.0,-0.394,87.56290855,84.65690855,89.70190855
2024,878,29.7,POWER,797.0,-0.844,1.518,3.84,2,0.13687048347706804,0.0,1.518,89.61177903347708,88.76777903347708,93.45177903347708
2024,880,37.9,POWER,102.0,-2.634,0.113,3.035,2,0.47697289696554007,0.0,0.113,88.54688144696554,85.91288144696554,91.58188144696554
2024,881,28.4,POWER,256.0,-2.143,0.963,3.817,2,0.08295180816792001,0.0,0.963,89.00286035816792,86.85986035816792,92.81986035816792
2024,885,32.9,POWER,628.0,-2.64,0.194,3.051,2,0.26959337654574006,0.0,0.194,88.42050192654575,85.78050192654575,91.47150192654576
2024,888,29.0,POWER,61.0,-2.817,-0.248,2.431,2,0.10783735061829608,0.0,-0.248,87.8167459006183,84.99974590061831,90.2477459006183
2024,891,27.8,POWER,353.0,-3.828,-0.887,2.453,2,0.0580662657175441,0.0,-0.887,87.12797481571755,83.29997481571755,89.58097481571755
2024,898,25.0,POWER,1166.0,-3.695,-0.587,2.247,2,-0.058066265717543954,0.0,-0.587,87.31184228428246,83.61684228428247,89.55884228428246
2024,911,24.2,POWER,473.0,-3.103,-0.196,2.413,2,-0.09124698898471198,0.0,-0.196,87.6696615610153,84.56666156101531,90.0826615610153
2024,929,33.8,POWER,648.0,-2.481,0.652,3.536,2,0.306921690221304,0.0,0.652,88.91583024022131,86.43483024022132,92.45183024022131
2024,947,35.5,POWER,589.0,-3.093,-0.624,2.029,2,0.37743072716403614,0.0,-0.624,87.71033927716405,84.61733927716405,89.73933927716405
2024,950,23.8,POWER,558.0,-3.197,-0.113,2.885,2,-0.10783735061829593,0.0,-0.113,87.73607119938171,84.53907119938171,90.62107119938172
2024,958,27.0,POWER,1071.0,-4.39,-1.455,1.701,2,0.024885542450376063,0.0,-1.455,86.52679409245039,82.13679409245039,88.22779409245038
2024,966,25.9,,,,,,2,-0.020737952041980003,0.0,0.0,87.93617059795803,87.93617059795803,87.93617059795803
2024,970,20.3,,,,,,2,-0.25300301491215593,0.0,0.0,87.70390553508786,87.70390553508786,87.70390553508786
2024,974,22.6,,,,,,2,-0.1576084355190479,0.0,0.0,87.79930011448096,87.79930011448096,87.79930011448096
2024,991,22.1,,,,,,2,-0.1783463875610279,0.0,0.0,87.77856216243899,87.77856216243899,87.77856216243899
2024,1010,34.1,POWER,253.0,-2.9,0.254,3.337,2,0.31936446144649216,0.0,0.254,88.53027301144651,85.6302730114465,91.86727301144651
2024,1016,28.2,POWER,173.0,-2.857,-0.191,2.578,2,0.07465662735112805,0.0,-0.191,87.84056517735114,84.98356517735114,90.41856517735114
2024,1040,27.5,POWER,844.0,-4.192,-1.419,1.677,2,0.045623494492356066,0.0,-1.419,86.58353204449237,82.39153204449238,88.26053204449238
2024,1050,27.4,POWER,213.0,-2.877,-0.17,2.523,2,0.04147590408396001,0.0,-0.17,87.82838445408397,84.95138445408398,90.35138445408397
2024,1058,30.1,POWER,117.0,-3.753,-0.937,2.422,2,0.15346084511065214,0.0,-0.937,87.17336939511067,83.42036939511067,89.59536939511067
2024,1059,29.8,POWER,1047.0,-2.195,0.604,3.256,2,0.1410180738854641,0.0,0.604,88.70192662388547,86.50692662388548,91.95792662388547
2024,1065,22.7,,,,,,2,-0.153460845110652,0.0,0.0,87.80344770488935,87.80344770488935,87.80344770488935
2024,1068,21.8,,,,,,2,-0.19078915878621594,0.0,0.0,87.76611939121379,87.76611939121379,87.76611939121379
2024,1074,25.8,,,,,,2,-0.024885542450375917,0.0,0.0,87.93202300754963,87.93202300754963,87.93202300754963
2024,1082,23.6,,,,,,2,-0.11613253143508791,0.0,0.0,87.84077601856492,87.84077601856492,87.84077601856492
2024,1086,23.2,POWER,176.0,-2.562,0.155,3.354,2,-0.132722893068672,0.0,0.155,87.97918565693134,85.41718565693134,91.33318565693133
2024,1087,28.6,POWER,940.0,-2.378,0.181,2.601,2,0.09124698898471213,0.0,0.181,88.22915553898471,85.85115553898471,90.83015553898471
2024,1091,25.8,POWER,958.0,-4.815,-1.783,1.347,2,-0.024885542450375917,0.0,-1.783,86.14902300754963,81.33402300754963,87.49602300754962
2024,1093,23.8,,,,,,2,-0.10783735061829593,0.0,0.0,87.84907119938171,87.84907119938171,87.84907119938171
2024,1097,35.6,,,,,,2,0.38157831757243216,0.0,0.0,88.33848686757244,88.33848686757244,88.33848686757244
2024,1109,31.3,POWER,620.0,-2.23,0.603,3.537,2,0.20323193001140413,0.0,0.603,88.7631404800114,86.5331404800114,92.30014048001141
2024,1113,25.1,,,,,,2,-0.053918675309147894,0.0,0.0,87.90298987469086,87.90298987469086,87.90298987469086
2024,1126,24.6,,,,,,2,-0.0746566273511279,0.0,0.0,87.88225192264888,87.88225192264888,87.88225192264888
2024,1133,29.2,POWER,242.0,-4.76,-1.632,1.481,2,0.11613253143508805,0.0,-1.632,86.44104108143509,81.68104108143508,87.92204108143508
2024,1143,26.8,POWER,762.0,-2.9,0.07,2.966,2,0.01659036163358409,0.0,0.07,88.04349891163359,85.14349891163359,91.00949891163359
2024,1151,33.6,POWER,480.0,-1.418,1.334,4.107,2,0.2986265094045122,0.0,1.334,89.58953505940453,88.17153505940452,93.69653505940452
2024,1153,25.5,,,,,,2,-0.03732831367556395,0.0,0.0,87.91958023632445,87.91958023632445,87.91958023632445
2024,1171,22.3,,,,,,2,-0.17005120674423593,0.0,0.0,87.78685734325578,87.78685734325578,87.78685734325578
2024,1173,27.1,POWER,262.0,-4.27,-1.964,0.324,2,0.029033132858772123,0.0,-1.964,86.02194168285878,81.75194168285879,86.34594168285878
2024,1184,26.8,POWER,482.0,-1.146,1.93,4.703,2,0.01659036163358409,0.0,1.93,89.9034989116336,88.7574989116336,94.60649891163361
2024,1186,30.0,POWER,111.0,-2.134,0.28,2.631,2,0.1493132547022561,0.0,0.28,88.38622180470226,86.25222180470226,91.01722180470226
2024,1190,27.1,POWER,527.0,-4.176,-1.245,1.845,2,0.029033132858772123,0.0,-1.245,86.74094168285878,82.56494168285877,88.58594168285877
2024,1200,27.7,POWER,216.0,-3.684,-1.208,1.743,2,0.05391867530914804,0.0,-1.208,86.80282722530916,83.11882722530916,88.54582722530915
2024,1204,21.2,,,,,,2,-0.215674701236592,0.0,0.0,87.74123384876341,87.74123384876341,87.74123384876341
2024,1206,27.4,POWER,200.0,-2.903,-0.001,2.847,2,0.04147590408396001,0.0,-0.001,87.99738445408397,85.09438445408396,90.84438445408396
2024,1208,26.8,CONTACT,1053.0,-2.656,-0.144,2.369,2,0.01659036163358409,0.0,-0.144,87.82949891163359,85.17349891163359,90.19849891163359
2024,1217,24.3,POWER,1065.0,-1.628,1.338,4.606,2,-0.08709939857631592,0.0,1.338,89.20780915142369,87.57980915142369,93.81380915142368
2024,1239,32.7,POWER,591.0,-3.256,-0.42,2.111,2,0.2612981957289482,0.0,-0.42,87.79820674572896,84.54220674572896,89.90920674572897
2024,1244,29.2,POWER,377.0,-2.863,0.439,3.382,2,0.11613253143508805,0.0,0.439,88.51204108143509,85.64904108143509,91.89404108143509
2024,1253,33.6,POWER,636.0,-3.134,-0.383,2.261,2,0.2986265094045122,0.0,-0.383,87.87253505940453,84.73853505940453,90.13353505940452
2024,1258,30.6,POWER,524.0,-4.445,-1.334,1.712,2,0.17419879715263215,0.0,-1.334,86.79710734715263,82.35210734715264,88.50910734715264
2024,1260,34.2,POWER,306.0,-3.124,-0.107,3.103,2,0.32351205185488824,0.0,-0.107,88.1734206018549,85.0494206018549,91.2764206018549
2024,1283,25.6,POWER,271.0,-2.069,0.564,3.157,2,-0.03318072326716789,0.0,0.564,88.48772782673284,86.41872782673283,91.64472782673283
2024,1284,25.0,POWER,311.0,-2.335,0.738,3.7,2,-0.058066265717543954,0.0,0.738,88.63684228428247,86.30184228428247,92.33684228428247
2024,1289,30.0,POWER,539.0,-0.952,1.869,4.499,2,0.1493132547022561,0.0,1.869,89.97522180470226,89.02322180470226,94.47422180470225
2024,1293,31.7,POWER,756.0,-3.566,-1.044,1.283,2,0.21982229164498807,0.0,-1.044,87.132730841645,83.566730841645,88.415730841645
2024,1298,37.4,POWER,543.0,-3.697,-0.351,2.821,2,0.4562349449235601,0.0,-0.351,88.06214349492357,84.36514349492357,90.88314349492357
2024,1308,29.2,POWER,125.0,-5.694,-2.75,0.234,2,0.11613253143508805,0.0,-2.75,85.3230410814351,79.62904108143509,85.55704108143509
2024,1313,26.5,POWER,301.0,-2.485,0.486,3.538,2,0.00414759040839606,0.0,0.486,88.4470561404084,85.96205614040841,91.9850561404084
2024,1314,30.9,POWER,142.0,-5.738,-3.018,-0.55,2,0.18664156837782003,0.0,-3.018,85.12555011837783,79.38755011837783,84.57555011837783
2024,1322,28.9,POWER,236.0,-3.689,-0.555,2.111,2,0.10368976020990002,0.0,-0.555,87.5055983102099,83.81659831020991,89.61659831020991
2024,1326,30.4,POWER,833.0,-2.976,0.202,3.236,2,0.16590361633584003,0.0,0.202,88.32481216633585,85.34881216633585,91.56081216633585
2024,1337,33.5,POWER,79.0,-2.301,0.51,3.652,2,0.2944789189961161,0.0,0.51,88.76138746899613,86.46038746899613,92.41338746899613
2024,1339,27.5,POWER,950.0,-1.997,0.746,3.618,2,0.045623494492356066,0.0,0.746,88.74853204449236,86.75153204449236,92.36653204449236
2024,1352,31.1,POWER,188.0,-1.464,1.273,4.041,2,0.19493674919461215,0.0,1.273,89.42484529919462,87.96084529919462,93.46584529919461
2024,1354,26.7,POWER,1028.0,-3.365,-0.43,2.587,2,0.012442771225188031,0.0,-0.43,87.53935132122518,84.17435132122519,90.12635132122519
2024,1355,28.0,POWER,460.0,-2.036,0.768,3.795,2,0.06636144653433607,0.0,0.768,88.79126999653434,86.75526999653434,92.58626999653434
2024,1362,24.3,,,,,,2,-0.08709939857631592,0.0,0.0,87.8698091514237,87.8698091514237,87.8698091514237
2024,1364,27.1,POWER,805.0,-1.526,1.446,4.664,2,0.029033132858772123,0.0,1.446,89.43194168285878,87.90594168285878,94.09594168285878
2024,1373,25.8,,,,,,2,-0.024885542450375917,0.0,0.0,87.93202300754963,87.93202300754963,87.93202300754963
2024,1375,21.8,,,,,,2,-0.19078915878621594,0.0,0.0,87.76611939121379,87.76611939121379,87.76611939121379
2024,1377,26.8,POWER,187.0,-1.24,1.218,3.6,2,0.01659036163358409,0.0,1.218,89.1914989116336,87.9514989116336,92.7914989116336
2024,1381,31.9,POWER,265.0,-2.493,0.347,3.335,2,0.22811747246178005,0.0,0.347,88.53202602246178,86.03902602246178,91.86702602246177
2024,1384,29.0,POWER,812.0,-2.46,0.43,3.042,2,0.10783735061829608,0.0,0.43,88.49474590061831,86.03474590061832,91.53674590061831
2024,1394,29.5,POWER,8.0,-1.119,1.292,3.534,2,0.1285753026602761,0.0,1.292,89.37748385266029,88.25848385266029,92.9114838526603
2024,1399,28.5,POWER,203.0,-3.333,-0.304,2.382,2,0.08709939857631607,0.0,-0.304,87.74000794857632,84.40700794857632,90.12200794857633
2024,1408,34.1,POWER,343.0,-2.859,-0.133,2.904,2,0.31936446144649216,0.0,-0.133,88.14327301144651,85.28427301144652,91.0472730114465
2024,1418,33.2,CONTACT,186.0,-4.373,-1.558,1.376,2,0.2820361477709282,0.0,-1.558,86.68094469777093,82.30794469777092,88.05694469777093
2024,1420,29.3,POWER,26.0,-0.893,1.494,3.661,2,0.1202801218434841,0.0,1.494,89.57118867184349,88.67818867184349,93.23218867184349
2024,1434,29.3,POWER,683.0,-2.238,0.552,3.221,2,0.1202801218434841,0.0,0.552,88.6291886718435,86.3911886718435,91.8501886718435
2024,1439,30.0,POWER,289.0,-2.633,-0.018,2.634,2,0.1493132547022561,0.0,-0.018,88.08822180470226,85.45522180470226,90.72222180470226
2024,1442,29.8,POWER,172.0,-1.898,1.088,4.015,2,0.1410180738854641,0.0,1.088,89.18592662388546,87.28792662388547,93.20092662388547
2024,1447,31.7,POWER,99.0,-3.477,-0.753,1.795,2,0.21982229164498807,0.0,-0.753,87.423730841645,83.94673084164499,89.218730841645
2024,1460,25.7,POWER,768.0,-3.304,-0.516,2.283,2,-0.029033132858771977,0.0,-0.516,87.41187541714123,84.10787541714123,89.69487541714123
2024,1470,29.6,POWER,404.0,-3.129,-1.055,1.188,2,0.13272289306867213,0.0,-1.055,87.03463144306868,83.90563144306867,88.22263144306868
2024,1481,23.0,POWER,888.0,-1.928,0.844,3.937,2,-0.14101807388546397,0.0,0.844,88.65989047611454,86.73189047611454,92.59689047611454
2024,1485,34.8,POWER,140.0,-2.074,0.654,3.219,2,0.348397594305264,0.0,0.654,88.95930614430527,86.88530614430528,92.17830614430527
2024,1486,29.0,POWER,851.0,-1.207,1.176,3.703,2,0.10783735061829608,0.0,1.176,89.24074590061831,88.03374590061831,92.94374590061831
2024,1494,34.1,POWER,53.0,-2.521,0.423,3.376,2,0.31936446144649216,0.0,0.423,88.69927301144651,86.1782730114465,92.07527301144651
2024,1518,25.8,POWER,752.0,0.479,3.032,5.517,2,-0.024885542450375917,0.0,3.032,90.96402300754963,91.44302300754963,96.48102300754962
2024,1519,32.3,POWER,745.0,-1.606,0.98,3.664,2,0.24470783409536398,0.0,0.98,89.18161638409538,87.57561638409538,92.84561638409538
2024,1522,29.1,POWER,477.0,-2.783,0.131,3.121,2,0.11198494102669214,0.0,0.131,88.1998934910267,85.4168934910267,91.3208934910267
2024,1525,27.1,POWER,261.0,-3.293,-0.41,2.55,2,0.029033132858772123,0.0,-0.41,87.57594168285878,84.28294168285878,90.12594168285878
2024,1526,26.5,POWER,935.0,-3.08,-0.036,3.14,2,0.00414759040839606,0.0,-0.036,87.9250561404084,84.8450561404084,91.0650561404084
2024,1531,27.1,POWER,1098.0,-3.509,-0.639,2.341,2,0.029033132858772123,0.0,-0.639,87.34694168285878,83.83794168285878,89.68794168285878
2024,1536,29.4,POWER,882.0,-3.93,-1.12,1.997,2,0.12442771225188001,0.0,-1.12,86.96133626225189,83.03133626225188,88.95833626225189
2024,1538,28.1,CONTACT,81.0,-3.54,-1.048,1.259,2,0.07050903694273213,0.0,-1.048,86.97941758694274,83.43941758694274,88.23841758694275
2024,1556,22.6,,,,,,2,-0.1576084355190479,0.0,0.0,87.79930011448096,87.79930011448096,87.79930011448096
2024,1564,31.0,,,,,,2,0.19078915878621608,0.0,0.0,88.14769770878623,88.14769770878623,88.14769770878623
2024,1570,27.4,POWER,467.0,-2.786,0.094,2.981,2,0.04147590408396001,0.0,0.094,88.09238445408397,85.30638445408397,91.07338445408396
2024,1592,26.3,,,,,,2,-0.004147590408395912,0.0,0.0,87.95276095959161,87.95276095959161,87.95276095959161
2024,1594,36.3,POWER,916.0,-3.108,-0.193,2.605,2,0.410611450431204,0.0,-0.193,88.17452000043122,85.06652000043121,90.77952000043122
2024,1595,25.0,POWER,955.0,-0.685,2.211,5.322,2,-0.058066265717543954,0.0,2.211,90.10984228428246,89.42484228428246,95.43184228428247
2024,1598,24.4,POWER,864.0,-0.705,2.266,5.02,2,-0.08295180816792001,0.0,2.266,90.1399567418321,89.4349567418321,95.15995674183209
2024,1611,27.0,POWER,749.0,-0.939,1.297,3.996,2,0.024885542450376063,0.0,1.297,89.27879409245038,88.33979409245039,93.27479409245038
2024,1614,36.8,POWER,285.0,-2.921,-0.496,2.123,2,0.431349402473184,0.0,-0.496,87.8922579524732,84.9712579524732,90.0152579524732
2024,1618,28.6,POWER,7.0,-2.185,-0.018,2.095,2,0.09124698898471213,0.0,-0.018,88.03015553898472,85.84515553898471,90.12515553898471
2024,1619,37.7,POWER,127.0,-3.08,-0.423,2.314,2,0.46867771614874826,0.0,-0.423,88.00258626614875,84.92258626614876,90.31658626614876
2024,1621,27.1,POWER,664.0,-2.872,0.305,3.419,2,0.029033132858772123,0.0,0.305,88.29094168285879,85.41894168285879,91.70994168285878
2024,1644,27.9,POWER,300.0,-0.845,1.679,4.077,2,0.062213856125940006,0.0,1.679,89.69812240612595,88.85312240612595,93.77512240612594
2024,1646,24.1,POWER,886.0,-1.858,1.119,4.21,2,-0.0953945793931079,0.0,1.119,88.9805139706069,87.1225139706069,93.1905139706069
2024,1667,26.7,,,,,,2,0.012442771225188031,0.0,0.0,87.96935132122519,87.96935132122519,87.96935132122519
2024,1672,34.3,POWER,991.0,-2.344,0.779,3.908,2,0.327659642263284,0.0,0.779,89.06356819226329,86.7195681922633,92.97156819226329
2024,1684,24.5,CONTACT,461.0,-3.993,-1.501,1.133,2,-0.07880421775952395,0.0,-1.501,86.37710433224048,82.38410433224048,87.51010433224047
2024,1687,26.0,POWER,1116.0,-4.198,-1.309,1.478,2,-0.016590361633583944,0.0,-1.309,86.63131818836642,82.43331818836643,88.10931818836642
2024,1689,25.8,POWER,909.0,-2.679,0.58,3.647,2,-0.024885542450375917,0.0,0.58,88.51202300754963,85.83302300754963,92.15902300754964
2024,1701,25.2,POWER,1115.0,-3.476,-0.436,2.562,2,-0.04977108490075198,0.0,-0.436,87.47113746509925,83.99513746509925,90.03313746509924
2024,1719,30.3,POWER,291.0,-2.657,0.412,3.223,2,0.16175602592744412,0.0,0.412,88.53066457592746,85.87366457592746,91.75366457592746
2024,1723,29.0,POWER,90.0,-4.027,-0.883,2.275,2,0.10783735061829608,0.0,-0.883,87.18174590061831,83.15474590061831,89.45674590061832
2024,1728,29.0,POWER,989.0,-5.401,-2.543,0.346,2,0.10783735061829608,0.0,-2.543,85.5217459006183,80.1207459006183,85.8677459006183
2024,1729,24.0,POWER,1068.0,-1.23,1.793,4.604,2,-0.09954216980150396,0.0,1.793,89.6503663801985,88.4203663801985,94.2543663801985
2024,1745,34.9,POWER,720.0,-3.542,-0.395,2.358,2,0.35254518471366003,0.0,-0.395,87.91445373471367,84.37245373471367,90.27245373471368
2024,1746,25.7,,,,,,2,-0.029033132858771977,0.0,0.0,87.92787541714124,87.92787541714124,87.92787541714124
2024,1747,27.0,POWER,567.0,-1.788,1.017,3.769,2,0.024885542450376063,0.0,1.017,88.99879409245038,87.21079409245039,92.76779409245039
2024,1754,24.6,POWER,908.0,-2.201,0.772,3.739,2,-0.0746566273511279,0.0,0.772,88.65425192264888,86.45325192264889,92.39325192264889
2024,1757,24.7,POWER,1131.0,-3.23,0.002,2.896,2,-0.07050903694273199,0.0,0.002,87.88839951305727,84.65839951305726,90.78439951305727
2024,1759,23.5,POWER,276.0,-2.211,0.262,2.687,2,-0.12028012184348397,0.0,0.262,88.09862842815653,85.88762842815653,90.78562842815653
2024,1764,25.1,POWER,177.0,-2.173,0.347,3.125,2,-0.053918675309147894,0.0,0.347,88.24998987469085,86.07698987469085,91.37498987469085
2024,1807,27.5,POWER,157.0,-3.744,-0.909,1.742,2,0.045623494492356066,0.0,-0.909,87.09353204449236,83.34953204449236,88.83553204449237
2024,1816,28.7,POWER,239.0,-2.503,-0.204,2.219,2,0.09539457939310804,0.0,-0.204,87.84830312939312,85.34530312939312,90.06730312939311
2024,1824,24.9,,,,,,2,-0.062213856125940006,0.0,0.0,87.89469469387407,87.89469469387407,87.89469469387407
2024,1836,27.3,POWER,1007.0,-2.043,0.937,3.836,2,0.03732831367556409,0.0,0.937,88.93123686367557,86.88823686367556,92.76723686367556
2024,1838,23.6,,,,,,2,-0.11613253143508791,0.0,0.0,87.84077601856492,87.84077601856492,87.84077601856492
2024,1839,36.9,POWER,350.0,-3.888,-1.424,1.618,2,0.43549699288158006,0.0,-1.424,86.96840554288158,83.08040554288158,88.58640554288158
2024,1840,27.8,POWER,728.0,-3.528,-0.924,1.976,2,0.0580662657175441,0.0,-0.924,87.09097481571754,83.56297481571754,89.06697481571754
2024,1841,33.9,POWER,19.0,-2.989,-0.331,2.559,2,0.3110692806297001,0.0,-0.331,87.9369778306297,84.9479778306297,90.4959778306297
2024,1846,25.9,,,,,,2,-0.020737952041980003,0.0,0.0,87.93617059795803,87.93617059795803,87.93617059795803
2024,1847,34.5,POWER,684.0,-3.073,0.065,3.49,2,0.3359548230800761,0.0,0.065,88.35786337308008,85.28486337308009,91.84786337308007
2024,1852,25.8,POWER,241.0,-1.429,1.373,4.083,2,-0.024885542450375917,0.0,1.373,89.30502300754964,87.87602300754963,93.38802300754963
2024,1858,28.1,POWER,150.0,-0.936,1.559,3.893,2,0.07050903694273213,0.0,1.559,89.58641758694274,88.65041758694274,93.47941758694274
2024,1869,34.1,POWER,12.0,-0.416,2.027,4.415,2,0.31936446144649216,0.0,2.027,90.3032730114465,89.88727301144651,94.71827301144651
2024,1881,28.3,POWER,521.0,-0.992,2.04,4.673,2,0.0788042177595241,0.0,2.04,90.07571276775954,89.08371276775954,94.74871276775954
2024,1898,25.5,POWER,73.0,-2.503,0.25,3.179,2,-0.03732831367556395,0.0,0.25,88.16958023632445,85.66658023632445,91.34858023632445
2024,1900,34.0,POWER,1032.0,-2.228,0.62,3.906,2,0.3152168710380961,0.0,0.62,88.8921254210381,86.66412542103811,92.79812542103811
2024,1902,30.8,POWER,62.0,0.684,3.063,5.457,2,0.18249397796942413,0.0,3.063,91.20240252796944,91.88640252796944,96.65940252796943
2024,1905,34.5,POWER,873.0,-3.156,-0.241,2.863,2,0.3359548230800761,0.0,-0.241,88.05186337308008,84.89586337308008,90.91486337308008
2024,1917,29.1,POWER,572.0,-3.424,-0.703,2.103,2,0.11198494102669214,0.0,-0.703,87.3658934910267,83.94189349102669,89.46889349102669
2024,1918,31.2,POWER,286.0,0.448,2.959,5.362,2,0.19908433960300806,0.0,2.959,91.11499288960302,91.56299288960301,96.47699288960301
2024,1924,24.7,POWER,631.0,-3.405,-0.929,1.643,2,-0.07050903694273199,0.0,-0.929,86.95739951305727,83.55239951305727,88.60039951305727
2024,1935,33.4,CONTACT,1168.0,-3.894,-0.994,2.128,2,0.29033132858772004,0.0,-0.994,87.25323987858773,83.35923987858773,89.38123987858773
2024,1939,27.3,POWER,497.0,-3.287,0.073,3.356,2,0.03732831367556409,0.0,0.073,88.06723686367556,84.78023686367555,91.42323686367556
2024,1945,27.5,POWER,174.0,-1.203,1.269,4.12,2,0.045623494492356066,0.0,1.269,89.27153204449237,88.06853204449237,93.39153204449238
2024,1947,35.6,POWER,750.0,-2.487,0.365,3.264,2,0.38157831757243216,0.0,0.365,88.70348686757244,86.21648686757244,91.96748686757243
2024,1963,23.1,,,,,,2,-0.1368704834770679,0.0,0.0,87.82003806652294,87.82003806652294,87.82003806652294
2024,1965,25.1,POWER,1004.0,-1.704,1.482,4.866,2,-0.053918675309147894,0.0,1.482,89.38498987469086,87.68098987469087,94.25098987469086
2024,1977,32.0,POWER,63.0,-2.515,0.547,3.386,2,0.2322650628701761,0.0,0.547,88.73617361287018,86.22117361287017,92.12217361287017
2024,1998,28.2,POWER,221.0,-4.228,-1.758,0.649,2,0.07465662735112805,0.0,-1.758,86.27356517735114,82.04556517735115,86.92256517735115
2024,1999,25.4,POWER,5.0,-3.337,-0.28,2.724,2,-0.04147590408396001,0.0,-0.28,87.63543264591604,84.29843264591604,90.35943264591604
2024,2005,30.0,POWER,171.0,-3.038,-0.17,2.619,2,0.1493132547022561,0.0,-0.17,87.93622180470226,84.89822180470226,90.55522180470226
2024,2007,25.4,POWER,247.0,-2.657,0.305,3.612,2,-0.04147590408396001,0.0,0.305,88.22043264591605,85.56343264591605,91.83243264591604
2024,2008,29.1,POWER,185.0,-2.706,-0.453,1.772,2,0.11198494102669214,0.0,-0.453,87.6158934910267,84.9098934910267,89.3878934910267
2024,2017,24.4,POWER,902.0,-0.249,2.19,4.873,2,-0.08295180816792001,0.0,2.19,90.06395674183209,89.81495674183209,94.93695674183209
2024,2037,22.9,,,,,,2,-0.14516566429386002,0.0,0.0,87.81174288570615,87.81174288570615,87.81174288570615
2024,2042,29.7,POWER,757.0,-4.32,-1.261,1.359,2,0.13687048347706804,0.0,-1.261,86.83277903347708,82.51277903347707,88.19177903347708
2024,2051,25.1,POWER,815.0,-1.668,0.713,3.267,2,-0.053918675309147894,0.0,0.713,88.61598987469085,86.94798987469085,91.88298987469085
2024,2062,35.4,POWER,723.0,-1.184,1.593,4.194,2,0.37328313675564007,0.0,1.593,89.92319168675566,88.73919168675566,94.11719168675566
2024,2073,31.3,POWER,272.0,-1.39,1.297,4.05,2,0.20323193001140413,0.0,1.297,89.4571404800114,88.0671404800114,93.5071404800114
2024,2074,21.4,,,,,,2,-0.20737952041980004,0.0,0.0,87.7495290295802,87.7495290295802,87.7495290295802
2024,2086,22.6,POWER,389.0,-3.385,-0.318,2.685,2,-0.1576084355190479,0.0,-0.318,87.48130011448096,84.09630011448095,90.16630011448096
2024,2106,22.3,,,,,,2,-0.17005120674423593,0.0,0.0,87.78685734325578,87.78685734325578,87.78685734325578
2024,2108,26.5,POWER,433.0,-3.301,-0.24,2.615,2,0.00414759040839606,0.0,-0.24,87.72105614040841,84.4200561404084,90.3360561404084
2024,2110,28.1,POWER,718.0,-4.198,-1.393,1.313,2,0.07050903694273213,0.0,-1.393,86.63441758694275,82.43641758694275,87.94741758694275
2024,2119,25.3,POWER,1105.0,-3.982,-1.198,1.786,2,-0.04562349449235592,0.0,-1.198,86.71328505550765,82.73128505550766,88.49928505550766
2024,2120,28.8,POWER,677.0,-1.583,0.78,3.205,2,0.0995421698015041,0.0,0.78,88.83645071980152,87.25345071980152,92.04145071980152
2024,2121,24.0,POWER,114.0,-2.548,-0.077,2.464,2,-0.09954216980150396,0.0,-0.077,87.7803663801985,85.2323663801985,90.2443663801985
2024,2122,22.9,,,,,,2,-0.14516566429386002,0.0,0.0,87.81174288570615,87.81174288570615,87.81174288570615
2024,2127,25.9,POWER,716.0,-2.355,0.393,3.604,2,-0.020737952041980003,0.0,0.393,88.32917059795803,85.97417059795802,91.93317059795802
2024,2139,23.4,,,,,,2,-0.12442771225188001,0.0,0.0,87.83248083774812,87.83248083774812,87.83248083774812
2024,2141,27.6,POWER,328.0,-1.337,1.382,3.675,2,0.049771084900752126,0.0,1.382,89.38867963490077,88.05167963490076,93.06367963490077
2024,2153,24.8,POWER,219.0,-2.919,-0.144,2.585,2,-0.06636144653433593,0.0,-0.144,87.74654710346567,84.82754710346568,90.33154710346567
2024,2158,24.3,POWER,273.0,-1.804,0.746,3.441,2,-0.08709939857631592,0.0,0.746,88.61580915142369,86.81180915142369,92.05680915142369
2024,2175,34.4,POWER,725.0,-3.276,-0.153,2.803,2,0.33180723267168005,0.0,-0.153,88.13571578267168,84.85971578267169,90.93871578267168
2024,2190,26.9,POWER,698.0,-2.002,0.794,3.788,2,0.020737952041980003,0.0,0.794,88.77164650204199,86.769646502042,92.55964650204199
2024,2211,22.4,,,,,,2,-0.16590361633584003,0.0,0.0,87.79100493366417,87.79100493366417,87.79100493366417
2024,2225,22.8,,,,,,2,-0.14931325470225593,0.0,0.0,87.80759529529776,87.80759529529776,87.80759529529776
2024,2234,26.4,,,,,,2,0.0,0.0,0.0,87.95690855000001,87.95690855000001,87.95690855000001
2024,2237,26.0,POWER,274.0,-2.974,-0.551,2.097,2,-0.016590361633583944,0.0,-0.551,87.38931818836642,84.41531818836641,89.48631818836641
2024,2243,24.1,POWER,1143.0,-4.164,-0.951,2.236,2,-0.0953945793931079,0.0,-0.951,86.91051397060691,82.74651397060691,89.14651397060692
2024,2244,29.5,POWER,693.0,-3.897,-1.48,1.316,2,0.1285753026602761,0.0,-1.48,86.60548385266029,82.70848385266028,87.92148385266029
2024,2259,28.9,POWER,689.0,-3.399,-0.269,2.736,2,0.10368976020990002,0.0,-0.269,87.7915983102099,84.3925983102099,90.52759831020991
2024,2260,23.9,POWER,135.0,-3.096,-0.627,1.888,2,-0.10368976020990002,0.0,-0.627,87.22621878979011,84.1302187897901,89.11421878979012
2024,2261,25.0,,,,,,2,-0.058066265717543954,0.0,0.0,87.89884228428247,87.89884228428247,87.89884228428247
2024,2267,28.0,POWER,1064.0,-1.845,0.959,3.658,2,0.06636144653433607,0.0,0.959,88.98226999653434,87.13726999653434,92.64026999653434
2024,2269,26.9,POWER,548.0,-3.162,-0.958,1.416,2,0.020737952041980003,0.0,-0.958,87.019646502042,83.85764650204199,88.43564650204199
2024,2270,25.7,POWER,838.0,-2.371,0.68,3.414,2,-0.029033132858771977,0.0,0.68,88.60787541714124,86.23687541714125,92.02187541714125
2024,2274,32.8,POWER,924.0,-3.067,-0.291,2.298,2,0.265445786137344,0.0,-0.291,87.93135433613736,84.86435433613735,90.22935433613736
2024,2279,27.8,POWER,518.0,-3.594,-0.585,2.374,2,0.0580662657175441,0.0,-0.585,87.42997481571756,83.83597481571756,89.80397481571755
2024,2290,25.8,POWER,141.0,-5.292,-2.948,-0.696,2,-0.024885542450375917,0.0,-2.948,84.98402300754964,79.69202300754964,84.28802300754964
2024,2291,35.3,POWER,263.0,-4.077,-1.411,1.404,2,0.369135546347244,0.0,-1.411,86.91504409634724,82.83804409634725,88.31904409634724
2024,2299,30.5,POWER,459.0,-5.383,-2.34,0.497,2,0.17005120674423607,0.0,-2.34,85.78695975674424,80.40395975674424,86.28395975674424
2024,2302,31.0,POWER,270.0,-2.098,0.433,2.989,2,0.19078915878621608,0.0,0.433,88.58069770878623,86.48269770878623,91.56969770878624
2024,2328,28.0,POWER,423.0,-3.395,-0.992,1.687,2,0.06636144653433607,0.0,-0.992,87.03126999653433,83.63626999653434,88.71826999653433
2024,2334,36.9,POWER,580.0,-3.441,-0.433,2.657,2,0.43549699288158006,0.0,-0.433,87.95940554288158,84.51840554288158,90.61640554288158
2024,2339,32.6,POWER,410.0,-3.716,-0.899,1.886,2,0.2571506053205522,0.0,-0.899,87.31505915532055,83.59905915532056,89.20105915532055
2024,2340,32.9,POWER,338.0,-3.42,-0.386,2.788,2,0.26959337654574006,0.0,-0.386,87.84050192654576,84.42050192654575,90.62850192654575
2024,2341,32.4,POWER,294.0,-2.813,-0.054,3.053,2,0.24885542450376003,0.0,-0.054,88.15176397450377,85.33876397450376,91.20476397450376
2024,2342,28.7,POWER,153.0,-2.536,0.38,3.871,2,0.09539457939310804,0.0,0.38,88.4323031293931,85.8963031293931,92.3033031293931
2024,2344,28.0,POWER,299.0,-2.263,0.096,2.457,2,0.06636144653433607,0.0,0.096,88.11926999653434,85.85626999653434,90.57626999653434
2024,2346,32.5,POWER,284.0,-1.795,0.573,2.65,2,0.2530030149121561,0.0,0.573,88.78291156491215,86.98791156491215,91.43291156491216
2024,2365,23.9,POWER,211.0,-3.728,-0.743,2.244,2,-0.10368976020990002,0.0,-0.743,87.11021878979011,83.38221878979012,89.35421878979011
2024,2368,30.9,POWER,712.0,-2.761,0.076,3.091,2,0.18664156837782003,0.0,0.076,88.21955011837782,85.45855011837783,91.31055011837782
2024,2381,31.9,POWER,37.0,-2.306,0.755,3.939,2,0.22811747246178005,0.0,0.755,88.94002602246178,86.63402602246178,92.87902602246177
2024,2387,31.5,POWER,347.0,-3.725,-1.003,2.214,2,0.21152711082819609,0.0,-1.003,87.16543566082821,83.44043566082821,89.37943566082821
2024,2400,32.0,POWER,225.0,-6.0,-3.187,-0.403,2,0.2322650628701761,0.0,-3.187,85.00217361287018,79.00217361287018,84.59917361287017
2024,2404,25.4,CONTACT,481.0,-1.498,1.187,3.988,2,-0.04147590408396001,0.0,1.187,89.10243264591604,87.60443264591603,93.09043264591604
2024,2416,28.7,,,,,,2,0.09539457939310804,0.0,0.0,88.05230312939311,88.05230312939311,88.05230312939311
2024,2421,31.5,POWER,540.0,-3.84,-0.722,2.175,2,0.21152711082819609,0.0,-0.722,87.44643566082821,83.60643566082821,89.62143566082821
2024,2422,25.3,POWER,663.0,-4.472,-1.807,0.802,2,-0.04562349449235592,0.0,-1.807,86.10428505550765,81.63228505550765,86.90628505550765
2024,2424,29.0,POWER,30.0,-2.82,0.011,2.59,2,0.10783735061829608,0.0,0.011,88.0757459006183,85.25574590061831,90.6657459006183
2024,2426,24.4,POWER,1094.0,-4.82,-1.971,0.823,2,-0.08295180816792001,0.0,-1.971,85.90295674183209,81.08295674183208,86.72595674183208
2024,2430,34.9,POWER,795.0,-2.808,-0.438,1.943,2,0.35254518471366003,0.0,-0.438,87.87145373471367,85.06345373471368,89.81445373471367
2024,2445,22.8,,,,,,2,-0.14931325470225593,0.0,0.0,87.80759529529776,87.80759529529776,87.80759529529776
2024,2449,28.3,POWER,1153.0,-4.102,-1.167,2.047,2,0.0788042177595241,0.0,-1.167,86.86871276775953,82.76671276775953,88.91571276775953
2024,2458,38.0,POWER,405.0,-3.441,-0.45,2.457,2,0.48112048737393615,0.0,-0.45,87.98802903737395,84.54702903737395,90.44502903737394
2024,2462,28.3,POWER,907.0,-3.757,-0.982,2.282,2,0.0788042177595241,0.0,-0.982,87.05371276775954,83.29671276775953,89.33571276775953
2024,2463,25.7,POWER,34.0,-3.966,-1.084,1.66,2,-0.029033132858771977,0.0,-1.084,86.84387541714123,82.87787541714124,88.50387541714123
2024,2497,25.9,POWER,773.0,-0.735,1.875,4.422,2,-0.020737952041980003,0.0,1.875,89.81117059795803,89.07617059795803,94.23317059795802
2024,2499,22.3,,,,,,2,-0.17005120674423593,0.0,0.0,87.78685734325578,87.78685734325578,87.78685734325578
2024,2500,33.0,POWER,163.0,-1.928,1.016,3.655,2,0.2737409669541361,0.0,1.016,89.24664951695415,87.31864951695415,92.90164951695415
2024,2505,38.6,POWER,370.0,-3.577,-1.213,1.343,2,0.5060060298243122,0.0,-1.213,87.24991457982432,83.67291457982432,88.59291457982432
2024,2507,25.4,POWER,2.0,-3.372,-0.357,2.552,2,-0.04147590408396001,0.0,-0.357,87.55843264591604,84.18643264591604,90.11043264591605
2024,2513,29.0,POWER,1096.0,-3.351,-0.519,2.462,2,0.10783735061829608,0.0,-0.519,87.5457459006183,84.1947459006183,90.0077459006183
2024,2516,33.0,POWER,705.0,-1.969,0.665,3.345,2,0.2737409669541361,0.0,0.665,88.89564951695415,86.92664951695416,92.24064951695415
2024,2521,26.4,POWER,918.0,-2.496,-0.0,2.643,2,0.0,0.0,-0.0,87.95690855000001,85.46090855000001,90.59990855000001
2024,2530,28.7,POWER,560.0,-2.632,0.118,3.075,2,0.09539457939310804,0.0,0.118,88.1703031293931,85.5383031293931,91.24530312939311
2024,2541,29.7,POWER,790.0,-4.134,-1.091,2.045,2,0.13687048347706804,0.0,-1.091,87.00277903347708,82.86877903347708,89.04777903347708
2024,2544,24.7,POWER,67.0,-3.83,-1.127,1.177,2,-0.07050903694273199,0.0,-1.127,86.75939951305728,82.92939951305728,87.93639951305728
2024,2546,30.7,POWER,494.0,-2.959,0.4,3.351,2,0.17834638756102805,0.0,0.4,88.53525493756104,85.57625493756103,91.88625493756103
2024,2559,25.1,POWER,32.0,-5.263,-2.311,0.748,2,-0.053918675309147894,0.0,-2.311,85.59198987469085,80.32898987469085,86.33998987469086
2024,2561,28.6,POWER,91.0,-1.433,1.467,4.42,2,0.09124698898471213,0.0,1.467,89.51515553898471,88.08215553898471,93.93515553898472
2024,2562,30.6,POWER,675.0,-2.768,-0.368,2.167,2,0.17419879715263215,0.0,-0.368,87.76310734715264,84.99510734715264,89.93010734715264
2024,2566,26.8,,,,,,2,0.01659036163358409,0.0,0.0,87.9734989116336,87.9734989116336,87.9734989116336
2024,2568,24.9,POWER,326.0,-1.923,0.792,3.23,2,-0.062213856125940006,0.0,0.792,88.68669469387407,86.76369469387407,91.91669469387408
2024,2570,25.6,POWER,336.0,-2.4,0.659,3.301,2,-0.03318072326716789,0.0,0.659,88.58272782673285,86.18272782673284,91.88372782673285
2024,2578,26.0,,,,,,2,-0.016590361633583944,0.0,0.0,87.94031818836642,87.94031818836642,87.94031818836642
2024,2582,26.6,POWER,269.0,-0.09,1.922,4.065,2,0.00829518081679212,0.0,1.922,89.8872037308168,89.79720373081679,93.95220373081679
2024,2585,26.6,POWER,1160.0,-1.369,1.738,4.964,2,0.00829518081679212,0.0,1.738,89.7032037308168,88.3342037308168,94.6672037308168
2024,2586,34.2,POWER,836.0,-3.421,-0.506,2.435,2,0.32351205185488824,0.0,-0.506,87.7744206018549,84.35342060185489,90.2094206018549
2024,2588,24.6,POWER,292.0,-0.565,1.611,3.646,2,-0.0746566273511279,0.0,1.611,89.49325192264888,88.92825192264888,93.13925192264888
2024,2596,32.7,POWER,195.0,-2.144,0.316,2.979,2,0.2612981957289482,0.0,0.316,88.53420674572897,86.39020674572896,91.51320674572897
2024,2599,32.8,POWER,1044.0,-2.989,-0.386,2.239,2,0.265445786137344,0.0,-0.386,87.83635433613736,84.84735433613736,90.07535433613737
2024,2600,33.6,POWER,395.0,-1.094,1.904,4.894,2,0.2986265094045122,0.0,1.904,90.15953505940452,89.06553505940452,95.05353505940452
2024,2611,26.2,POWER,699.0,-4.448,-1.287,2.056,2,-0.008295180816791972,0.0,-1.287,86.66161336918321,82.21361336918321,88.71761336918321
2024,2617,22.6,POWER,546.0,-3.257,-0.176,2.51,2,-0.1576084355190479,0.0,-0.176,87.62330011448095,84.36630011448095,90.13330011448096
2024,2618,26.2,POWER,565.0,-2.255,0.92,3.82,2,-0.008295180816791972,0.0,0.92,88.86861336918322,86.61361336918323,92.68861336918322
2024,2632,22.0,,,,,,2,-0.18249397796942396,0.0,0.0,87.77441457203058,87.77441457203058,87.77441457203058
2024,2633,37.0,POWER,471.0,-0.241,2.323,5.075,2,0.43964458328997613,0.0,2.323,90.71955313328998,90.47855313328998,95.79455313328998
2024,2638,24.4,POWER,452.0,-1.981,0.748,3.615,2,-0.08295180816792001,0.0,0.748,88.6219567418321,86.6409567418321,92.23695674183209
2024,2645,28.0,POWER,44.0,-0.75,1.469,3.415,2,0.06636144653433607,0.0,1.469,89.49226999653433,88.74226999653433,92.90726999653434
2024,2655,31.3,POWER,938.0,-4.339,-1.865,0.561,2,0.20323193001140413,0.0,-1.865,86.29514048001141,81.95614048001141,86.85614048001142
2024,2664,23.3,POWER,899.0,-3.031,0.016,2.857,2,-0.12857530266027592,0.0,0.016,87.84433324733973,84.81333324733973,90.70133324733973
2024,2692,27.9,POWER,707.0,-2.294,0.635,3.723,2,0.062213856125940006,0.0,0.635,88.65412240612595,86.36012240612595,92.37712240612595
2024,2698,31.6,POWER,160.0,-2.525,-0.11,2.663,2,0.21567470123659216,0.0,-0.11,88.0625832512366,85.5375832512366,90.7255832512366
2024,2700,29.1,POWER,1003.0,-3.424,-0.392,2.751,2,0.11198494102669214,0.0,-0.392,87.6768934910267,84.2528934910267,90.42789349102671
2024,2708,28.0,POWER,147.0,0.743,3.013,5.721,2,0.06636144653433607,0.0,3.013,91.03626999653434,91.77926999653434,96.75726999653435
2024,2709,30.0,POWER,569.0,-2.228,0.743,3.578,2,0.1493132547022561,0.0,0.743,88.84922180470225,86.62122180470226,92.42722180470226
2024,2732,30.0,POWER,616.0,-4.804,-1.752,0.831,2,0.1493132547022561,0.0,-1.752,86.35422180470226,81.55022180470226,87.18522180470227
2024,2735,34.9,POWER,366.0,-2.32,0.713,3.821,2,0.35254518471366003,0.0,0.713,89.02245373471366,86.70245373471367,92.84345373471366
2024,2748,31.4,POWER,82.0,-2.415,-0.14,2.2,2,0.20737952041980004,0.0,-0.14,88.02428807041981,85.60928807041981,90.22428807041982
2024,2754,26.3,POWER,356.0,-4.844,-1.806,1.303,2,-0.004147590408395912,0.0,-1.806,86.14676095959162,81.30276095959162,87.44976095959161
2024,2768,32.5,POWER,375.0,-3.166,-0.064,2.591,2,0.2530030149121561,0.0,-0.064,88.14591156491217,84.97991156491217,90.73691156491216
2024,2771,28.1,POWER,667.0,-3.999,-0.862,2.176,2,0.07050903694273213,0.0,-0.862,87.16541758694275,83.16641758694276,89.34141758694275
2024,2773,30.0,POWER,388.0,-2.762,0.364,3.6,2,0.1493132547022561,0.0,0.364,88.47022180470226,85.70822180470226,92.07022180470226
2024,2782,28.5,,,,,,2,0.08709939857631607,0.0,0.0,88.04400794857632,88.04400794857632,88.04400794857632
2024,2791,28.1,POWER,658.0,-0.886,1.304,3.59,2,0.07050903694273213,0.0,1.304,89.33141758694275,88.44541758694275,92.92141758694275
2024,2795,29.3,POWER,162.0,-1.82,0.546,3.316,2,0.1202801218434841,0.0,0.546,88.6231886718435,86.8031886718435,91.9391886718435
2024,2801,27.7,POWER,374.0,-3.619,-1.368,0.833,2,0.05391867530914804,0.0,-1.368,86.64282722530916,83.02382722530916,87.47582722530916
2024,2805,25.9,POWER,1092.0,-4.153,-1.177,1.995,2,-0.020737952041980003,0.0,-1.177,86.75917059795802,82.60617059795801,88.75417059795802
2024,2811,24.0,POWER,835.0,-2.596,0.717,3.569,2,-0.09954216980150396,0.0,0.717,88.5743663801985,85.9783663801985,92.1433663801985
2024,2817,31.5,POWER,220.0,-2.03,0.847,3.604,2,0.21152711082819609,0.0,0.847,89.0154356608282,86.9854356608282,92.6194356608282
2024,2820,26.6,,,,,,2,0.00829518081679212,0.0,0.0,87.9652037308168,87.9652037308168,87.9652037308168
2024,2823,29.3,POWER,988.0,-1.106,1.486,4.276,2,0.1202801218434841,0.0,1.486,89.56318867184349,88.4571886718435,93.83918867184349
2024,2824,33.9,POWER,202.0,-3.649,-0.42,2.298,2,0.3110692806297001,0.0,-0.42,87.8479778306297,84.1989778306297,90.1459778306297
2024,2825,30.6,POWER,128.0,-1.608,1.007,3.84,2,0.17419879715263215,0.0,1.007,89.13810734715264,87.53010734715264,92.97810734715264
2024,2828,23.4,,,,,,2,-0.12442771225188001,0.0,0.0,87.83248083774812,87.83248083774812,87.83248083774812
2024,2839,23.7,,,,,,2,-0.11198494102669199,0.0,0.0,87.84492360897332,87.84492360897332,87.84492360897332
2024,2844,33.9,POWER,769.0,-2.523,0.082,3.151,2,0.3110692806297001,0.0,0.082,88.3499778306297,85.8269778306297,91.5009778306297
2024,2845,25.8,,,,,,2,-0.024885542450375917,0.0,0.0,87.93202300754963,87.93202300754963,87.93202300754963
2024,2846,26.8,POWER,973.0,-5.612,-2.325,0.564,2,0.01659036163358409,0.0,-2.325,85.6484989116336,80.0364989116336,86.21249891163359
2024,2849,27.1,POWER,551.0,-3.212,-0.121,2.799,2,0.029033132858772123,0.0,-0.121,87.86494168285878,84.65294168285878,90.66394168285879
2024,2853,26.9,,,,,,2,0.020737952041980003,0.0,0.0,87.97764650204199,87.97764650204199,87.97764650204199
2024,2865,25.3,,,,,,2,-0.04562349449235592,0.0,0.0,87.91128505550765,87.91128505550765,87.91128505550765
2024,2867,30.5,POWER,414.0,-5.16,-2.154,0.905,2,0.17005120674423607,0.0,-2.154,85.97295975674425,80.81295975674425,86.87795975674425
2024,2868,27.5,POWER,999.0,-4.254,-1.39,1.46,2,0.045623494492356066,0.0,-1.39,86.61253204449237,82.35853204449236,88.07253204449236
2024,2869,23.8,,,,,,2,-0.10783735061829593,0.0,0.0,87.84907119938171,87.84907119938171,87.84907119938171
2024,2871,25.5,POWER,501.0,-2.138,0.649,3.535,2,-0.03732831367556395,0.0,0.649,88.56858023632445,86.43058023632445,92.10358023632445
2024,2874,24.7,POWER,979.0,-4.269,-1.197,2.15,2,-0.07050903694273199,0.0,-1.197,86.68939951305727,82.42039951305726,88.83939951305727
2024,2886,26.6,POWER,138.0,-2.708,0.002,2.383,2,0.00829518081679212,0.0,0.002,87.96720373081679,85.2592037308168,90.35020373081679
2024,2912,33.3,POWER,1070.0,-1.463,1.421,4.514,2,0.28618373817932397,0.0,1.421,89.66409228817933,88.20109228817934,94.17809228817933
2024,2916,28.0,POWER,1026.0,-2.595,0.491,3.524,2,0.06636144653433607,0.0,0.491,88.51426999653434,85.91926999653434,92.03826999653434
2024,2928,24.0,,,,,,2,-0.09954216980150396,0.0,0.0,87.8573663801985,87.8573663801985,87.8573663801985
2024,2940,28.1,POWER,94.0,-3.435,-0.654,2.518,2,0.07050903694273213,0.0,-0.654,87.37341758694275,83.93841758694275,89.89141758694275
2024,2941,30.0,POWER,682.0,-1.948,0.616,3.052,2,0.1493132547022561,0.0,0.616,88.72222180470226,86.77422180470226,91.77422180470226
2024,2948,26.8,POWER,1037.0,-2.87,-0.13,3.019,2,0.01659036163358409,0.0,-0.13,87.8434989116336,84.9734989116336,90.86249891163361
2024,2956,32.9,POWER,119.0,-2.129,0.471,2.983,2,0.26959337654574006,0.0,0.471,88.69750192654575,86.56850192654575,91.68050192654576
2024,2957,29.6,POWER,439.0,-1.014,1.36,4.037,2,0.13272289306867213,0.0,1.36,89.44963144306868,88.43563144306869,93.48663144306869
2024,2959,27.3,POWER,309.0,-3.306,-0.766,1.821,2,0.03732831367556409,0.0,-0.766,87.22823686367556,83.92223686367556,89.04923686367556
2024,2960,32.2,POWER,413.0,-1.652,1.272,4.458,2,0.2405602436869682,0.0,1.272,89.46946879368699,87.81746879368698,93.92746879368698
2024,2968,34.5,POWER,561.0,-3.273,-0.628,1.892,2,0.3359548230800761,0.0,-0.628,87.66486337308008,84.39186337308008,89.55686337308008
2024,2984,40.1,POWER,586.0,-3.376,-0.322,2.646,2,0.5682198859502522,0.0,-0.322,88.20312843595026,84.82712843595026,90.84912843595026
2024,2987,26.6,POWER,478.0,-2.627,-0.149,2.392,2,0.00829518081679212,0.0,-0.149,87.8162037308168,85.1892037308168,90.20820373081679
2024,3002,23.5,POWER,627.0,-2.185,0.261,2.764,2,-0.12028012184348397,0.0,0.261,88.09762842815653,85.91262842815652,90.86162842815652
2024,3004,26.9,POWER,145.0,-2.748,-0.217,2.268,2,0.020737952041980003,0.0,-0.217,87.760646502042,85.01264650204199,90.028646502042
2024,3005,30.6,POWER,80.0,-1.476,1.396,4.265,2,0.17419879715263215,0.0,1.396,89.52710734715264,88.05110734715264,93.79210734715264
2024,3019,29.4,POWER,245.0,0.37,2.599,4.75,2,0.12442771225188001,0.0,2.599,90.6803362622519,91.0503362622519,95.4303362622519
2024,3020,28.3,POWER,360.0,-2.136,0.699,3.844,2,0.0788042177595241,0.0,0.699,88.73471276775953,86.59871276775954,92.57871276775953
2024,3022,31.9,POWER,510.0,-0.987,1.666,4.231,2,0.22811747246178005,0.0,1.666,89.85102602246178,88.86402602246179,94.08202602246178
2024,3025,23.9,CONTACT,608.0,-2.592,0.204,3.058,2,-0.10368976020990002,0.0,0.204,88.0572187897901,85.4652187897901,91.1152187897901
2024,3030,30.8,CONTACT,895.0,-2.956,0.042,2.936,2,0.18249397796942413,0.0,0.042,88.18140252796944,85.22540252796944,91.11740252796943
2024,3033,23.9,,,,,,2,-0.10368976020990002,0.0,0.0,87.8532187897901,87.8532187897901,87.8532187897901
2024,3043,24.7,POWER,463.0,-2.05,0.284,2.369,2,-0.07050903694273199,0.0,0.284,88.17039951305728,86.12039951305728,90.53939951305728
2024,3046,24.1,POWER,1097.0,-5.458,-2.722,0.001,2,-0.0953945793931079,0.0,-2.722,85.13951397060691,79.68151397060691,85.14051397060692
2024,3053,25.4,POWER,593.0,-3.475,-0.614,1.843,2,-0.04147590408396001,0.0,-0.614,87.30143264591604,83.82643264591604,89.14443264591604
2024,3057,24.6,POWER,373.0,-0.913,1.821,4.221,2,-0.0746566273511279,0.0,1.821,89.70325192264887,88.79025192264888,93.92425192264888
2024,3072,32.9,POWER,703.0,-0.739,1.997,4.764,2,0.26959337654574006,0.0,1.997,90.22350192654575,89.48450192654575,94.98750192654575
2024,3074,29.6,POWER,573.0,-0.909,1.996,4.82,2,0.13272289306867213,0.0,1.996,90.08563144306868,89.17663144306867,94.90563144306867
2024,3102,29.9,POWER,166.0,-4.456,-1.761,1.044,2,0.14516566429386002,0.0,-1.761,86.34107421429387,81.88507421429387,87.38507421429387
2024,3103,26.4,POWER,598.0,-4.863,-2.193,0.473,2,0.0,0.0,-2.193,85.76390855000001,80.90090855000001,86.23690855000001
2024,3109,30.0,POWER,428.0,-2.291,0.658,4.044,2,0.1493132547022561,0.0,0.658,88.76422180470226,86.47322180470226,92.80822180470226
2024,3110,22.4,,,,,,2,-0.16590361633584003,0.0,0.0,87.79100493366417,87.79100493366417,87.79100493366417
2024,3118,28.8,POWER,839.0,-1.554,1.802,4.695,2,0.0995421698015041,0.0,1.802,89.85845071980152,88.30445071980152,94.55345071980153
2024,3121,36.5,POWER,1135.0,-2.694,0.34,3.477,2,0.4189066312479961,0.0,0.34,88.715815181248,86.021815181248,92.19281518124801
2024,3125,29.9,POWER,329.0,-2.452,0.443,3.361,2,0.14516566429386002,0.0,0.443,88.54507421429386,86.09307421429386,91.90607421429387
2024,3129,31.0,POWER,796.0,-1.804,0.826,3.155,2,0.19078915878621608,0.0,0.826,88.97369770878622,87.16969770878622,92.12869770878622
2024,3131,24.9,POWER,244.0,-1.606,0.609,2.861,2,-0.062213856125940006,0.0,0.609,88.50369469387407,86.89769469387407,91.36469469387407
2024,3139,31.8,POWER,45.0,-1.916,0.542,2.721,2,0.2239698820533841,0.0,0.542,88.72287843205339,86.8068784320534,91.4438784320534
2024,3143,33.9,POWER,878.0,-3.638,-0.806,2.058,2,0.3110692806297001,0.0,-0.806,87.4619778306297,83.8239778306297,89.5199778306297
2024,3151,26.1,POWER,638.0,-2.422,0.445,2.999,2,-0.012442771225187884,0.0,0.445,88.38946577877482,85.96746577877482,91.38846577877482
2024,3163,27.2,POWER,70.0,-2.064,0.788,3.602,2,0.03318072326716803,0.0,0.788,88.77808927326717,86.71408927326718,92.38008927326717
2024,3170,30.4,POWER,332.0,-3.609,-0.43,2.49,2,0.16590361633584003,0.0,-0.43,87.69281216633584,84.08381216633585,90.18281216633584
2024,3172,29.3,POWER,148.0,-1.668,0.485,2.968,2,0.1202801218434841,0.0,0.485,88.56218867184349,86.89418867184348,91.53018867184349
2024,3179,27.9,POWER,277.0,-4.489,-1.126,2.031,2,0.062213856125940006,0.0,-1.126,86.89312240612594,82.40412240612594,88.92412240612595
2024,3180,25.7,POWER,514.0,-1.834,0.873,3.749,2,-0.029033132858771977,0.0,0.873,88.80087541714124,86.96687541714124,92.54987541714124
2024,3182,30.2,POWER,776.0,-3.477,-0.836,1.954,2,0.15760843551904805,0.0,-0.836,87.27851698551906,83.80151698551906,89.23251698551906
2024,3190,27.9,POWER,890.0,-4.397,-1.13,1.941,2,0.062213856125940006,0.0,-1.13,86.88912240612595,82.49212240612594,88.83012240612595
2024,3193,32.1,POWER,13.0,-3.241,-0.444,2.16,2,0.23641265327857217,0.0,-0.444,87.74932120327858,84.50832120327858,89.90932120327858
2024,3198,26.8,CONTACT,130.0,-2.861,0.127,3.129,2,0.01659036163358409,0.0,0.127,88.1004989116336,85.23949891163359,91.2294989116336
2024,3200,30.8,POWER,158.0,-3.895,-1.046,2.005,2,0.18249397796942413,0.0,-1.046,87.09340252796943,83.19840252796944,89.09840252796943
2024,3202,24.7,POWER,741.0,-3.839,-0.972,2.119,2,-0.07050903694273199,0.0,-0.972,86.91439951305728,83.07539951305728,89.03339951305728
2024,3203,26.6,CONTACT,900.0,-3.506,-0.46,2.759,2,0.00829518081679212,0.0,-0.46,87.5052037308168,83.9992037308168,90.2642037308168
2024,3211,31.7,POWER,635.0,-4.737,-1.911,1.069,2,0.21982229164498807,0.0,-1.911,86.265730841645,81.528730841645,87.334730841645
2024,3233,32.3,POWER,1156.0,-3.168,0.013,3.318,2,0.24470783409536398,0.0,0.013,88.21461638409538,85.04661638409537,91.53261638409538
2024,3239,28.3,POWER,93.0,-3.331,-0.559,1.862,2,0.0788042177595241,0.0,-0.559,87.47671276775954,84.14571276775953,89.33871276775953
2024,3243,34.4,POWER,644.0,-3.432,-0.367,2.703,2,0.33180723267168005,0.0,-0.367,87.92171578267168,84.48971578267168,90.62471578267169
2024,3247,24.6,CONTACT,1111.0,-4.053,-1.095,1.851,2,-0.0746566273511279,0.0,-1.095,86.78725192264888,82.73425192264888,88.63825192264888
2024,3249,22.3,,,,,,2,-0.17005120674423593,0.0,0.0,87.78685734325578,87.78685734325578,87.78685734325578
2024,3252,25.8,POWER,622.0,-3.623,-0.868,1.982,2,-0.024885542450375917,0.0,-0.868,87.06402300754964,83.44102300754963,89.04602300754964
2024,3260,27.9,POWER,324.0,-2.386,0.39,3.445,2,0.062213856125940006,0.0,0.39,88.40912240612595,86.02312240612595,91.85412240612594
2024,3261,22.6,,,,,,2,-0.1576084355190479,0.0,0.0,87.79930011448096,87.79930011448096,87.79930011448096
2024,3262,26.2,POWER,426.0,-2.374,0.41,3.276,2,-0.008295180816791972,0.0,0.41,88.35861336918322,85.98461336918322,91.63461336918321
2024,3266,26.4,POWER,641.0,-0.408,2.338,5.079,2,0.0,0.0,2.338,90.29490855,89.88690855,95.37390855
2024,3271,28.1,POWER,22.0,-2.221,-0.013,2.262,2,0.07050903694273213,0.0,-0.013,88.01441758694274,85.79341758694274,90.27641758694274
2024,3272,31.0,POWER,492.0,-2.798,0.297,3.741,2,0.19078915878621608,0.0,0.297,88.44469770878622,85.64669770878622,92.18569770878622
2024,3274,29.9,POWER,798.0,-2.943,-0.047,2.961,2,0.14516566429386002,0.0,-0.047,88.05507421429387,85.11207421429387,91.01607421429387
2024,3291,27.1,POWER,1050.0,-3.521,-0.569,2.362,2,0.029033132858772123,0.0,-0.569,87.41694168285878,83.89594168285878,89.77894168285877
2024,3294,34.7,POWER,169.0,-4.966,-2.036,0.859,2,0.3442500038968682,0.0,-2.036,86.26515855389688,81.29915855389689,87.12415855389688
2024,3303,26.3,POWER,519.0,-2.56,0.136,2.847,2,-0.004147590408395912,0.0,0.136,88.08876095959161,85.52876095959161,90.9357609595916
2024,3316,29.8,POWER,409.0,1.616,3.924,6.389,2,0.1410180738854641,0.0,3.924,92.02192662388548,93.63792662388548,98.41092662388547
2024,3319,23.7,POWER,197.0,-2.363,0.478,3.008,2,-0.11198494102669199,0.0,0.478,88.32292360897331,85.95992360897331,91.33092360897331
2024,3320,31.5,POWER,155.0,-3.038,0.003,2.91,2,0.21152711082819609,0.0,0.003,88.17143566082821,85.13343566082821,91.0814356608282
2024,3328,27.8,POWER,190.0,-3.741,-1.307,1.077,2,0.0580662657175441,0.0,-1.307,86.70797481571755,82.96697481571755,87.78497481571755
2024,3329,32.2,POWER,39.0,-1.396,0.856,3.092,2,0.2405602436869682,0.0,0.856,89.05346879368697,87.65746879368697,92.14546879368697
2024,3351,34.6,POWER,298.0,-2.715,0.327,3.813,2,0.34010241348847214,0.0,0.327,88.62401096348847,85.90901096348847,92.43701096348848
2024,3355,26.0,POWER,726.0,-1.861,1.046,3.843,2,-0.016590361633583944,0.0,1.046,88.98631818836643,87.12531818836642,92.82931818836643
2024,3359,27.4,POWER,883.0,-3.171,-0.406,2.612,2,0.04147590408396001,0.0,-0.406,87.59238445408397,84.42138445408396,90.20438445408396
2024,3360,29.2,POWER,325.0,-2.956,-0.104,2.802,2,0.11613253143508805,0.0,-0.104,87.9690410814351,85.01304108143509,90.7710410814351
2024,3362,26.5,POWER,246.0,-4.993,-2.286,0.571,2,0.00414759040839606,0.0,-2.286,85.6750561404084,80.6820561404084,86.2460561404084
2024,3366,28.2,POWER,964.0,-2.293,0.678,3.633,2,0.07465662735112805,0.0,0.678,88.70956517735114,86.41656517735113,92.34256517735113
2024,3373,21.2,,,,,,2,-0.215674701236592,0.0,0.0,87.74123384876341,87.74123384876341,87.74123384876341
2024,3375,30.9,POWER,676.0,-1.723,0.621,2.936,2,0.18664156837782003,0.0,0.621,88.76455011837783,87.04155011837783,91.70055011837783
2024,3381,35.4,POWER,702.0,-0.723,1.748,4.062,2,0.37328313675564007,0.0,1.748,90.07819168675566,89.35519168675566,94.14019168675566
2024,3385,30.4,POWER,335.0,-2.055,0.691,3.748,2,0.16590361633584003,0.0,0.691,88.81381216633585,86.75881216633584,92.56181216633586
2024,3387,25.4,POWER,86.0,-4.215,-1.357,1.728,2,-0.04147590408396001,0.0,-1.357,86.55843264591604,82.34343264591604,88.28643264591604
2024,3391,25.4,,,,,,2,-0.04147590408396001,0.0,0.0,87.91543264591604,87.91543264591604,87.91543264591604
2024,3395,29.2,POWER,647.0,-2.577,-0.275,2.085,2,0.11613253143508805,0.0,-0.275,87.79804108143509,85.22104108143509,89.88304108143508
2024,3400,27.4,POWER,133.0,-4.366,-1.508,1.15,2,0.04147590408396001,0.0,-1.508,86.49038445408398,82.12438445408398,87.64038445408399
2024,3401,30.1,POWER,363.0,-4.961,-1.936,0.584,2,0.15346084511065214,0.0,-1.936,86.17436939511066,81.21336939511066,86.75836939511066
2024,3408,27.0,POWER,758.0,-2.98,0.091,2.919,2,0.024885542450376063,0.0,0.091,88.07279409245038,85.09279409245038,90.99179409245038
2024,3423,29.0,POWER,222.0,-2.756,-0.263,2.313,2,0.10783735061829608,0.0,-0.263,87.8017459006183,85.0457459006183,90.1147459006183
2024,3439,26.0,POWER,651.0,-2.422,0.627,3.408,2,-0.016590361633583944,0.0,0.627,88.56731818836641,86.14531818836642,91.97531818836642
2024,3443,27.1,POWER,816.0,-2.2,0.359,2.796,2,0.029033132858772123,0.0,0.359,88.34494168285877,86.14494168285877,91.14094168285878
2024,3446,27.5,POWER,152.0,-3.484,-0.655,1.807,2,0.045623494492356066,0.0,-0.655,87.34753204449237,83.86353204449237,89.15453204449237
2024,3447,30.1,POWER,948.0,-2.78,0.077,3.223,2,0.15346084511065214,0.0,0.077,88.18736939511066,85.40736939511066,91.41036939511066
2024,3452,26.9,POWER,625.0,-2.744,0.36,3.397,2,0.020737952041980003,0.0,0.36,88.33764650204199,85.59364650204199,91.734646502042
2024,3479,26.7,,,,,,2,0.012442771225188031,0.0,0.0,87.96935132122519,87.96935132122519,87.96935132122519
2024,3486,24.4,POWER,630.0,-4.003,-0.876,2.069,2,-0.08295180816792001,0.0,-0.876,86.99795674183208,82.99495674183208,89.06695674183209
2024,3489,25.7,POWER,322.0,-0.762,1.896,4.833,2,-0.029033132858771977,0.0,1.896,89.82387541714124,89.06187541714124,94.65687541714124
2024,3493,27.8,POWER,1084.0,-3.566,-0.429,2.525,2,0.0580662657175441,0.0,-0.429,87.58597481571755,84.01997481571755,90.11097481571755
2024,3501,24.2,POWER,817.0,-4.584,-1.658,1.158,2,-0.09124698898471198,0.0,-1.658,86.2076615610153,81.6236615610153,87.3656615610153
2024,3503,34.2,POWER,513.0,-1.364,1.621,4.35,2,0.32351205185488824,0.0,1.621,89.9014206018549,88.53742060185489,94.25142060185489
2024,3505,26.4,POWER,183.0,-3.352,-1.121,1.457,2,0.0,0.0,-1.121,86.83590855000001,83.48390855000001,88.29290855
2024,3515,33.1,POWER,101.0,-2.864,-0.258,2.242,2,0.27788855736253215,0.0,-0.258,87.97679710736254,85.11279710736254,90.21879710736255
2024,3522,32.6,POWER,612.0,-4.444,-1.725,1.085,2,0.2571506053205522,0.0,-1.725,86.48905915532056,82.04505915532056,87.57405915532055
2024,3527,35.7,POWER,340.0,-4.895,-2.346,0.482,2,0.38572590798082823,0.0,-2.346,85.99663445798083,81.10163445798084,86.47863445798083
2024,3528,31.2,POWER,470.0,-2.309,0.401,2.825,2,0.19908433960300806,0.0,0.401,88.55699288960301,86.24799288960301,91.38199288960301
2024,3533,32.8,POWER,68.0,-4.628,-1.998,0.529,2,0.265445786137344,0.0,-1.998,86.22435433613735,81.59635433613735,86.75335433613735
2024,3539,27.6,POWER,228.0,-0.563,1.893,4.566,2,0.049771084900752126,0.0,1.893,89.89967963490076,89.33667963490076,94.46567963490077
2024,3543,20.6,,,,,,2,-0.24056024368696793,0.0,0.0,87.71634830631304,87.71634830631304,87.71634830631304
2024,3549,26.7,POWER,803.0,-1.741,1.348,4.268,2,0.012442771225188031,0.0,1.348,89.31735132122519,87.57635132122519,93.58535132122519
2024,3550,25.4,POWER,56.0,-0.626,1.752,4.167,2,-0.04147590408396001,0.0,1.752,89.66743264591604,89.04143264591603,93.83443264591604
2024,3554,27.6,POWER,175.0,-3.734,-1.146,2.007,2,0.049771084900752126,0.0,-1.146,86.86067963490076,83.12667963490077,88.86767963490077
2024,3558,24.9,POWER,250.0,-4.815,-1.823,1.197,2,-0.062213856125940006,0.0,-1.823,86.07169469387408,81.25669469387408,87.26869469387408
2024,3565,30.0,POWER,425.0,-2.321,0.663,3.294,2,0.1493132547022561,0.0,0.663,88.76922180470225,86.44822180470226,92.06322180470225
2024,3568,27.1,POWER,594.0,-4.768,-1.775,1.541,2,0.029033132858772123,0.0,-1.775,86.21094168285877,81.44294168285877,87.75194168285877
2024,3569,29.1,POWER,986.0,-1.595,1.407,4.223,2,0.11198494102669214,0.0,1.407,89.4758934910267,87.8808934910267,93.6988934910267
2024,3570,27.2,POWER,687.0,-3.999,-1.569,0.912,2,0.03318072326716803,0.0,-1.569,86.42108927326717,82.42208927326718,87.33308927326718
2024,3574,33.0,POWER,600.0,-3.78,-0.947,1.956,2,0.2737409669541361,0.0,-0.947,87.28364951695414,83.50364951695414,89.23964951695415
2024,3578,29.0,CONTACT,808.0,-3.687,-0.712,2.005,2,0.10783735061829608,0.0,-0.712,87.3527459006183,83.6657459006183,89.3577459006183
2024,3590,26.1,POWER,601.0,-1.871,0.914,3.728,2,-0.012442771225187884,0.0,0.914,88.85846577877483,86.98746577877483,92.58646577877482
2024,3593,25.3,,,,,,2,-0.04562349449235592,0.0,0.0,87.91128505550765,87.91128505550765,87.91128505550765
2024,3603,29.0,POWER,555.0,-2.09,0.694,2.887,2,0.10783735061829608,0.0,0.694,88.75874590061831,86.6687459006183,91.64574590061831
2024,3606,32.1,POWER,52.0,-1.077,1.612,4.289,2,0.23641265327857217,0.0,1.612,89.80532120327858,88.72832120327858,94.09432120327858
2024,3608,33.1,POWER,678.0,-2.159,0.717,3.597,2,0.27788855736253215,0.0,0.717,88.95179710736254,86.79279710736253,92.54879710736253
2024,3618,31.1,POWER,781.0,-5.296,-2.313,0.716,2,0.19493674919461215,0.0,-2.313,85.83884529919462,80.54284529919461,86.55484529919461
2024,3625,30.0,CONTACT,458.0,-4.959,-2.354,0.567,2,0.1493132547022561,0.0,-2.354,85.75222180470226,80.79322180470226,86.31922180470225
2024,3635,21.2,,,,,,2,-0.215674701236592,0.0,0.0,87.74123384876341,87.74123384876341,87.74123384876341
2024,3640,26.5,POWER,1138.0,-0.32,2.815,5.843,2,0.00414759040839606,0.0,2.815,90.7760561404084,90.4560561404084,96.6190561404084
2024,3660,26.9,POWER,898.0,-1.738,1.027,3.914,2,0.020737952041980003,0.0,1.027,89.004646502042,87.266646502042,92.918646502042
2024,3664,34.8,POWER,611.0,-2.609,0.505,3.358,2,0.348397594305264,0.0,0.505,88.81030614430527,86.20130614430528,92.16830614430528
2024,3665,33.5,POWER,1148.0,-2.289,0.63,3.789,2,0.2944789189961161,0.0,0.63,88.88138746899612,86.59238746899612,92.67038746899613
2024,3689,25.7,POWER,282.0,-3.196,-0.525,1.914,2,-0.029033132858771977,0.0,-0.525,87.40287541714123,84.20687541714123,89.31687541714123
2024,3696,26.1,POWER,566.0,-2.365,0.0,2.347,2,-0.012442771225187884,0.0,0.0,87.94446577877483,85.57946577877483,90.29146577877482
2024,3699,25.8,POWER,1066.0,-4.586,-1.332,1.688,2,-0.024885542450375917,0.0,-1.332,86.60002300754964,82.01402300754964,88.28802300754964
2024,3712,26.6,POWER,131.0,-4.316,-1.059,2.043,2,0.00829518081679212,0.0,-1.059,86.9062037308168,82.5902037308168,88.9492037308168
2024,3720,26.9,CONTACT,69.0,0.245,2.579,4.866,2,0.020737952041980003,0.0,2.579,90.55664650204199,90.80164650204199,95.42264650204199
2024,3734,31.2,POWER,735.0,-3.461,-0.662,2.367,2,0.19908433960300806,0.0,-0.662,87.493992889603,84.03299288960301,89.86099288960301
2024,3736,26.5,,,,,,2,0.00414759040839606,0.0,0.0,87.9610561404084,87.9610561404084,87.9610561404084
2024,3753,28.3,POWER,238.0,-2.473,0.467,3.013,2,0.0788042177595241,0.0,0.467,88.50271276775953,86.02971276775953,91.51571276775954
2024,3759,26.7,POWER,100.0,-1.599,0.901,3.367,2,0.012442771225188031,0.0,0.901,88.87035132122519,87.27135132122518,92.23735132122519
2024,3776,29.8,POWER,369.0,-3.791,-1.014,1.403,2,0.1410180738854641,0.0,-1.014,87.08392662388547,83.29292662388548,88.48692662388548
2024,3781,25.9,POWER,1137.0,-2.131,0.826,3.853,2,-0.020737952041980003,0.0,0.826,88.76217059795802,86.63117059795802,92.61517059795801
2024,3802,32.2,POWER,240.0,-3.979,-1.551,1.028,2,0.2405602436869682,0.0,-1.551,86.64646879368698,82.66746879368698,87.67446879368698
2024,3803,28.3,POWER,206.0,-3.037,-0.53,1.839,2,0.0788042177595241,0.0,-0.53,87.50571276775953,84.46871276775953,89.34471276775953
2024,3807,24.1,POWER,640.0,-2.874,-0.303,2.339,2,-0.0953945793931079,0.0,-0.303,87.55851397060691,84.68451397060691,89.89751397060691
2024,3810,25.1,,,,,,2,-0.053918675309147894,0.0,0.0,87.90298987469086,87.90298987469086,87.90298987469086
2024,3814,24.8,,,,,,2,-0.06636144653433593,0.0,0.0,87.89054710346568,87.89054710346568,87.89054710346568
2024,3824,28.7,POWER,251.0,-2.984,-0.47,2.059,2,0.09539457939310804,0.0,-0.47,87.58230312939311,84.59830312939312,89.64130312939311
2024,3828,28.4,CONTACT,862.0,-4.568,-1.711,0.954,2,0.08295180816792001,0.0,-1.711,86.32886035816793,81.76086035816793,87.28286035816792
2024,3833,24.6,CONTACT,945.0,-2.586,0.47,3.222,2,-0.0746566273511279,0.0,0.47,88.35225192264888,85.76625192264888,91.57425192264887
2024,3839,30.5,POWER,387.0,-1.775,0.676,3.257,2,0.17005120674423607,0.0,0.676,88.80295975674424,87.02795975674424,92.05995975674425
2024,3841,33.0,POWER,978.0,-3.579,-0.423,2.311,2,0.2737409669541361,0.0,-0.423,87.80764951695414,84.22864951695415,90.11864951695415
2024,3846,26.6,POWER,1017.0,-2.308,0.77,3.783,2,0.00829518081679212,0.0,0.77,88.73520373081679,86.42720373081679,92.5182037308168
2024,3848,32.8,POWER,806.0,-1.006,2.046,5.374,2,0.265445786137344,0.0,2.046,90.26835433613736,89.26235433613736,95.64235433613736
2024,3854,27.2,POWER,23.0,-1.922,0.2,2.469,2,0.03318072326716803,0.0,0.2,88.19008927326718,86.26808927326718,90.65908927326717
2024,3856,30.7,POWER,715.0,-3.548,-0.968,1.818,2,0.17834638756102805,0.0,-0.968,87.16725493756103,83.61925493756102,88.98525493756102
2024,3863,24.7,,,,,,2,-0.07050903694273199,0.0,0.0,87.88639951305727,87.88639951305727,87.88639951305727
2024,3865,26.5,,,,,,2,0.00414759040839606,0.0,0.0,87.9610561404084,87.9610561404084,87.9610561404084
2024,3869,30.2,POWER,1024.0,-2.596,0.158,2.97,2,0.15760843551904805,0.0,0.158,88.27251698551906,85.67651698551906,91.24251698551906
2024,3871,33.2,POWER,381.0,-3.704,-0.511,2.528,2,0.2820361477709282,0.0,-0.511,87.72794469777094,84.02394469777094,90.25594469777094
2024,3890,27.3,POWER,9.0,-1.566,1.018,3.374,2,0.03732831367556409,0.0,1.018,89.01223686367557,87.44623686367557,92.38623686367556
2024,3898,33.5,CONTACT,421.0,-3.358,-0.503,2.663,2,0.2944789189961161,0.0,-0.503,87.74838746899613,84.39038746899612,90.41138746899612
2024,3903,32.3,POWER,36.0,-0.555,1.893,4.171,2,0.24470783409536398,0.0,1.893,90.09461638409537,89.53961638409537,94.26561638409538
2024,3906,24.6,,,,,,2,-0.0746566273511279,0.0,0.0,87.88225192264888,87.88225192264888,87.88225192264888
2024,3909,29.7,POWER,394.0,-1.131,1.181,3.507,2,0.13687048347706804,0.0,1.181,89.27477903347707,88.14377903347707,92.78177903347708
2024,3912,33.3,POWER,283.0,-3.248,-0.751,1.812,2,0.28618373817932397,0.0,-0.751,87.49209228817932,84.24409228817932,89.30409228817932
2024,3921,34.2,POWER,660.0,-3.073,-0.227,2.623,2,0.32351205185488824,0.0,-0.227,88.0534206018549,84.9804206018549,90.6764206018549
2024,3934,28.9,POWER,124.0,-1.949,0.791,3.416,2,0.10368976020990002,0.0,0.791,88.85159831020991,86.90259831020991,92.2675983102099
2024,3956,26.9,,,,,,2,0.020737952041980003,0.0,0.0,87.97764650204199,87.97764650204199,87.97764650204199
2024,3959,33.5,POWER,849.0,-3.484,-0.347,2.601,2,0.2944789189961161,0.0,-0.347,87.90438746899613,84.42038746899614,90.50538746899613
2024,3963,24.0,POWER,604.0,-2.202,0.385,3.236,2,-0.09954216980150396,0.0,0.385,88.2423663801985,86.0403663801985,91.47836638019851
2024,3965,25.3,POWER,818.0,-1.549,1.192,4.095,2,-0.04562349449235592,0.0,1.192,89.10328505550764,87.55428505550763,93.19828505550764
2024,3969,25.1,,,,,,2,-0.053918675309147894,0.0,0.0,87.90298987469086,87.90298987469086,87.90298987469086
2024,3980,23.8,POWER,654.0,-3.18,0.029,3.164,2,-0.10783735061829593,0.0,0.029,87.87807119938171,84.6980711993817,91.04207119938171
2024,3982,21.0,,,,,,2,-0.22396988205338397,0.0,0.0,87.73293866794663,87.73293866794663,87.73293866794663
2024,3984,30.3,POWER,727.0,-0.873,2.167,5.05,2,0.16175602592744412,0.0,2.167,90.28566457592746,89.41266457592745,95.33566457592745
2024,3985,23.0,POWER,92.0,-2.543,0.218,2.694,2,-0.14101807388546397,0.0,0.218,88.03389047611455,85.49089047611454,90.72789047611455
2024,3996,30.1,POWER,43.0,-3.489,-0.755,2.303,2,0.15346084511065214,0.0,-0.755,87.35536939511067,83.86636939511067,89.65836939511067
2024,4000,24.2,,,,,,2,-0.09124698898471198,0.0,0.0,87.8656615610153,87.8656615610153,87.8656615610153
2024,4003,26.8,,,,,,2,0.01659036163358409,0.0,0.0,87.9734989116336,87.9734989116336,87.9734989116336
2024,4010,22.1,POWER,842.0,-5.282,-2.245,0.86,2,-0.1783463875610279,0.0,-2.245,85.53356216243898,80.25156216243899,86.39356216243898
2024,4016,24.1,,,,,,2,-0.0953945793931079,0.0,0.0,87.86151397060691,87.86151397060691,87.86151397060691
2024,4026,29.2,POWER,218.0,-1.467,1.184,3.801,2,0.11613253143508805,0.0,1.184,89.25704108143509,87.79004108143509,93.05804108143509
2024,4030,23.4,POWER,156.0,-4.229,-1.887,0.538,2,-0.12442771225188001,0.0,-1.887,85.94548083774812,81.71648083774812,86.48348083774812
2024,4034,31.6,POWER,10.0,-3.2,-0.446,2.293,2,0.21567470123659216,0.0,-0.446,87.7265832512366,84.5265832512366,90.01958325123661
2024,4050,27.2,POWER,368.0,-2.612,-0.219,2.234,2,0.03318072326716803,0.0,-0.219,87.77108927326718,85.15908927326718,90.00508927326717
2024,4055,30.1,POWER,290.0,-0.435,1.875,4.293,2,0.15346084511065214,0.0,1.875,89.98536939511067,89.55036939511066,94.27836939511067
2024,4059,25.5,POWER,287.0,-3.668,-0.884,1.925,2,-0.03732831367556395,0.0,-0.884,87.03558023632445,83.36758023632444,88.96058023632445
2024,4063,30.2,POWER,1063.0,-3.701,-1.069,1.888,2,0.15760843551904805,0.0,-1.069,87.04551698551906,83.34451698551906,88.93351698551906
2024,4067,23.5,POWER,397.0,-1.937,0.999,3.998,2,-0.12028012184348397,0.0,0.999,88.83562842815653,86.89862842815653,92.83362842815653
2024,4073,29.8,POWER,511.0,-1.73,0.56,3.039,2,0.1410180738854641,0.0,0.56,88.65792662388547,86.92792662388547,91.69692662388547
2024,4080,23.6,,,,,,2,-0.11613253143508791,0.0,0.0,87.84077601856492,87.84077601856492,87.84077601856492
2024,4083,26.8,POWER,599.0,-6.037,-3.294,-0.111,2,0.01659036163358409,0.0,-3.294,84.6794989116336,78.6424989116336,84.5684989116336
2024,4085,25.7,POWER,1088.0,-3.325,-0.477,2.632,2,-0.029033132858771977,0.0,-0.477,87.45087541714123,84.12587541714123,90.08287541714124
2024,4086,28.5,POWER,55.0,-3.438,-0.856,1.522,2,0.08709939857631607,0.0,-0.856,87.18800794857633,83.75000794857633,88.71000794857633
2024,4088,25.9,POWER,809.0,-3.359,-0.857,1.826,2,-0.020737952041980003,0.0,-0.857,87.07917059795803,83.72017059795803,88.90517059795802
2024,4097,26.6,POWER,17.0,-1.542,0.686,2.89,2,0.00829518081679212,0.0,0.686,88.6512037308168,87.1092037308168,91.5412037308168
2024,4099,24.8,POWER,704.0,-2.75,-0.523,1.948,2,-0.06636144653433593,0.0,-0.523,87.36754710346568,84.61754710346568,89.31554710346568
2024,4109,25.2,CONTACT,724.0,-4.013,-0.871,2.161,2,-0.04977108490075198,0.0,-0.871,87.03613746509926,83.02313746509925,89.19713746509926
2024,4119,25.0,POWER,260.0,-4.117,-1.579,1.137,2,-0.058066265717543954,0.0,-1.579,86.31984228428247,82.20284228428247,87.45684228428247
